ticker,earnings_date,fiscal_quarter,fiscal_quarter_end
AAPL,2015-01-28,2014Q4,2014-12-31
AMT,2015-01-28,2014Q4,2014-12-31
AMZN,2015-01-28,2014Q4,2014-12-31
APD,2015-01-28,2014Q4,2014-12-31
BAC,2015-01-28,2014Q4,2014-12-31
CAT,2015-01-28,2014Q4,2014-12-31
CVX,2015-01-28,2014Q4,2014-12-31
DUK,2015-01-28,2014Q4,2014-12-31
ECL,2015-01-28,2014Q4,2014-12-31
GOOGL,2015-01-28,2014Q4,2014-12-31
HD,2015-01-28,2014Q4,2014-12-31
HON,2015-01-28,2014Q4,2014-12-31
JNJ,2015-01-28,2014Q4,2014-12-31
JPM,2015-01-28,2014Q4,2014-12-31
KO,2015-01-28,2014Q4,2014-12-31
LIN,2015-01-28,2014Q4,2014-12-31
META,2015-01-28,2014Q4,2014-12-31
MSFT,2015-01-28,2014Q4,2014-12-31
NEE,2015-01-28,2014Q4,2014-12-31
NVDA,2015-01-28,2014Q4,2014-12-31
PG,2015-01-28,2014Q4,2014-12-31
PLD,2015-01-28,2014Q4,2014-12-31
UNH,2015-01-28,2014Q4,2014-12-31
UPS,2015-01-28,2014Q4,2014-12-31
V,2015-01-28,2014Q4,2014-12-31
WMT,2015-01-28,2014Q4,2014-12-31
XOM,2015-01-28,2014Q4,2014-12-31
ZQAI,2015-01-28,2014Q4,2014-12-31
ZQLH,2015-01-28,2014Q4,2014-12-31
ZQPT,2015-01-28,2014Q4,2014-12-31
AAPL,2015-04-28,2015Q1,2015-03-31
AMT,2015-04-28,2015Q1,2015-03-31
AMZN,2015-04-28,2015Q1,2015-03-31
APD,2015-04-28,2015Q1,2015-03-31
BAC,2015-04-28,2015Q1,2015-03-31
CAT,2015-04-28,2015Q1,2015-03-31
CVX,2015-04-28,2015Q1,2015-03-31
DUK,2015-04-28,2015Q1,2015-03-31
ECL,2015-04-28,2015Q1,2015-03-31
GOOGL,2015-04-28,2015Q1,2015-03-31
HD,2015-04-28,2015Q1,2015-03-31
HON,2015-04-28,2015Q1,2015-03-31
JNJ,2015-04-28,2015Q1,2015-03-31
JPM,2015-04-28,2015Q1,2015-03-31
KO,2015-04-28,2015Q1,2015-03-31
LIN,2015-04-28,2015Q1,2015-03-31
META,2015-04-28,2015Q1,2015-03-31
MSFT,2015-04-28,2015Q1,2015-03-31
NEE,2015-04-28,2015Q1,2015-03-31
NVDA,2015-04-28,2015Q1,2015-03-31
PG,2015-04-28,2015Q1,2015-03-31
PLD,2015-04-28,2015Q1,2015-03-31
UNH,2015-04-28,2015Q1,2015-03-31
UPS,2015-04-28,2015Q1,2015-03-31
V,2015-04-28,2015Q1,2015-03-31
WMT,2015-04-28,2015Q1,2015-03-31
XOM,2015-04-28,2015Q1,2015-03-31
ZQAI,2015-04-28,2015Q1,2015-03-31
ZQLH,2015-04-28,2015Q1,2015-03-31
ZQPT,2015-04-28,2015Q1,2015-03-31
AAPL,2015-07-28,2015Q2,2015-06-30
AMT,2015-07-28,2015Q2,2015-06-30
AMZN,2015-07-28,2015Q2,2015-06-30
APD,2015-07-28,2015Q2,2015-06-30
BAC,2015-07-28,2015Q2,2015-06-30
CAT,2015-07-28,2015Q2,2015-06-30
CVX,2015-07-28,2015Q2,2015-06-30
DUK,2015-07-28,2015Q2,2015-06-30
ECL,2015-07-28,2015Q2,2015-06-30
GOOGL,2015-07-28,2015Q2,2015-06-30
HD,2015-07-28,2015Q2,2015-06-30
HON,2015-07-28,2015Q2,2015-06-30
JNJ,2015-07-28,2015Q2,2015-06-30
JPM,2015-07-28,2015Q2,2015-06-30
KO,2015-07-28,2015Q2,2015-06-30
LIN,2015-07-28,2015Q2,2015-06-30
META,2015-07-28,2015Q2,2015-06-30
MSFT,2015-07-28,2015Q2,2015-06-30
NEE,2015-07-28,2015Q2,2015-06-30
NVDA,2015-07-28,2015Q2,2015-06-30
PG,2015-07-28,2015Q2,2015-06-30
PLD,2015-07-28,2015Q2,2015-06-30
UNH,2015-07-28,2015Q2,2015-06-30
UPS,2015-07-28,2015Q2,2015-06-30
V,2015-07-28,2015Q2,2015-06-30
WMT,2015-07-28,2015Q2,2015-06-30
XOM,2015-07-28,2015Q2,2015-06-30
ZQAI,2015-07-28,2015Q2,2015-06-30
ZQLH,2015-07-28,2015Q2,2015-06-30
ZQPT,2015-07-28,2015Q2,2015-06-30
AAPL,2015-10-28,2015Q3,2015-09-30
AMT,2015-10-28,2015Q3,2015-09-30
AMZN,2015-10-28,2015Q3,2015-09-30
APD,2015-10-28,2015Q3,2015-09-30
BAC,2015-10-28,2015Q3,2015-09-30
CAT,2015-10-28,2015Q3,2015-09-30
CVX,2015-10-28,2015Q3,2015-09-30
DUK,2015-10-28,2015Q3,2015-09-30
ECL,2015-10-28,2015Q3,2015-09-30
GOOGL,2015-10-28,2015Q3,2015-09-30
HD,2015-10-28,2015Q3,2015-09-30
HON,2015-10-28,2015Q3,2015-09-30
JNJ,2015-10-28,2015Q3,2015-09-30
JPM,2015-10-28,2015Q3,2015-09-30
KO,2015-10-28,2015Q3,2015-09-30
LIN,2015-10-28,2015Q3,2015-09-30
META,2015-10-28,2015Q3,2015-09-30
MSFT,2015-10-28,2015Q3,2015-09-30
NEE,2015-10-28,2015Q3,2015-09-30
NVDA,2015-10-28,2015Q3,2015-09-30
PG,2015-10-28,2015Q3,2015-09-30
PLD,2015-10-28,2015Q3,2015-09-30
UNH,2015-10-28,2015Q3,2015-09-30
UPS,2015-10-28,2015Q3,2015-09-30
V,2015-10-28,2015Q3,2015-09-30
WMT,2015-10-28,2015Q3,2015-09-30
XOM,2015-10-28,2015Q3,2015-09-30
ZQAI,2015-10-28,2015Q3,2015-09-30
ZQLH,2015-10-28,2015Q3,2015-09-30
ZQPT,2015-10-28,2015Q3,2015-09-30
AAPL,2016-01-28,2015Q4,2015-12-31
AMT,2016-01-28,2015Q4,2015-12-31
AMZN,2016-01-28,2015Q4,2015-12-31
APD,2016-01-28,2015Q4,2015-12-31
BAC,2016-01-28,2015Q4,2015-12-31
CAT,2016-01-28,2015Q4,2015-12-31
CVX,2016-01-28,2015Q4,2015-12-31
DUK,2016-01-28,2015Q4,2015-12-31
ECL,2016-01-28,2015Q4,2015-12-31
GOOGL,2016-01-28,2015Q4,2015-12-31
HD,2016-01-28,2015Q4,2015-12-31
HON,2016-01-28,2015Q4,2015-12-31
JNJ,2016-01-28,2015Q4,2015-12-31
JPM,2016-01-28,2015Q4,2015-12-31
KO,2016-01-28,2015Q4,2015-12-31
LIN,2016-01-28,2015Q4,2015-12-31
META,2016-01-28,2015Q4,2015-12-31
MSFT,2016-01-28,2015Q4,2015-12-31
NEE,2016-01-28,2015Q4,2015-12-31
NVDA,2016-01-28,2015Q4,2015-12-31
PG,2016-01-28,2015Q4,2015-12-31
PLD,2016-01-28,2015Q4,2015-12-31
UNH,2016-01-28,2015Q4,2015-12-31
UPS,2016-01-28,2015Q4,2015-12-31
V,2016-01-28,2015Q4,2015-12-31
WMT,2016-01-28,2015Q4,2015-12-31
XOM,2016-01-28,2015Q4,2015-12-31
ZQAI,2016-01-28,2015Q4,2015-12-31
ZQLH,2016-01-28,2015Q4,2015-12-31
ZQPT,2016-01-28,2015Q4,2015-12-31
AAPL,2016-04-28,2016Q1,2016-03-31
AMT,2016-04-28,2016Q1,2016-03-31
AMZN,2016-04-28,2016Q1,2016-03-31
APD,2016-04-28,2016Q1,2016-03-31
BAC,2016-04-28,2016Q1,2016-03-31
CAT,2016-04-28,2016Q1,2016-03-31
CVX,2016-04-28,2016Q1,2016-03-31
DUK,2016-04-28,2016Q1,2016-03-31
ECL,2016-04-28,2016Q1,2016-03-31
GOOGL,2016-04-28,2016Q1,2016-03-31
HD,2016-04-28,2016Q1,2016-03-31
HON,2016-04-28,2016Q1,2016-03-31
JNJ,2016-04-28,2016Q1,2016-03-31
JPM,2016-04-28,2016Q1,2016-03-31
KO,2016-04-28,2016Q1,2016-03-31
LIN,2016-04-28,2016Q1,2016-03-31
META,2016-04-28,2016Q1,2016-03-31
MSFT,2016-04-28,2016Q1,2016-03-31
NEE,2016-04-28,2016Q1,2016-03-31
NVDA,2016-04-28,2016Q1,2016-03-31
PG,2016-04-28,2016Q1,2016-03-31
PLD,2016-04-28,2016Q1,2016-03-31
UNH,2016-04-28,2016Q1,2016-03-31
UPS,2016-04-28,2016Q1,2016-03-31
V,2016-04-28,2016Q1,2016-03-31
WMT,2016-04-28,2016Q1,2016-03-31
XOM,2016-04-28,2016Q1,2016-03-31
ZQAI,2016-04-28,2016Q1,2016-03-31
ZQLH,2016-04-28,2016Q1,2016-03-31
ZQPT,2016-04-28,2016Q1,2016-03-31
AAPL,2016-07-28,2016Q2,2016-06-30
AMT,2016-07-28,2016Q2,2016-06-30
AMZN,2016-07-28,2016Q2,2016-06-30
APD,2016-07-28,2016Q2,2016-06-30
BAC,2016-07-28,2016Q2,2016-06-30
CAT,2016-07-28,2016Q2,2016-06-30
CVX,2016-07-28,2016Q2,2016-06-30
DUK,2016-07-28,2016Q2,2016-06-30
ECL,2016-07-28,2016Q2,2016-06-30
GOOGL,2016-07-28,2016Q2,2016-06-30
HD,2016-07-28,2016Q2,2016-06-30
HON,2016-07-28,2016Q2,2016-06-30
JNJ,2016-07-28,2016Q2,2016-06-30
JPM,2016-07-28,2016Q2,2016-06-30
KO,2016-07-28,2016Q2,2016-06-30
LIN,2016-07-28,2016Q2,2016-06-30
META,2016-07-28,2016Q2,2016-06-30
MSFT,2016-07-28,2016Q2,2016-06-30
NEE,2016-07-28,2016Q2,2016-06-30
NVDA,2016-07-28,2016Q2,2016-06-30
PG,2016-07-28,2016Q2,2016-06-30
PLD,2016-07-28,2016Q2,2016-06-30
UNH,2016-07-28,2016Q2,2016-06-30
UPS,2016-07-28,2016Q2,2016-06-30
V,2016-07-28,2016Q2,2016-06-30
WMT,2016-07-28,2016Q2,2016-06-30
XOM,2016-07-28,2016Q2,2016-06-30
ZQAI,2016-07-28,2016Q2,2016-06-30
ZQLH,2016-07-28,2016Q2,2016-06-30
ZQPT,2016-07-28,2016Q2,2016-06-30
AAPL,2016-10-28,2016Q3,2016-09-30
AMT,2016-10-28,2016Q3,2016-09-30
AMZN,2016-10-28,2016Q3,2016-09-30
APD,2016-10-28,2016Q3,2016-09-30
BAC,2016-10-28,2016Q3,2016-09-30
CAT,2016-10-28,2016Q3,2016-09-30
CVX,2016-10-28,2016Q3,2016-09-30
DUK,2016-10-28,2016Q3,2016-09-30
ECL,2016-10-28,2016Q3,2016-09-30
GOOGL,2016-10-28,2016Q3,2016-09-30
HD,2016-10-28,2016Q3,2016-09-30
HON,2016-10-28,2016Q3,2016-09-30
JNJ,2016-10-28,2016Q3,2016-09-30
JPM,2016-10-28,2016Q3,2016-09-30
KO,2016-10-28,2016Q3,2016-09-30
LIN,2016-10-28,2016Q3,2016-09-30
META,2016-10-28,2016Q3,2016-09-30
MSFT,2016-10-28,2016Q3,2016-09-30
NEE,2016-10-28,2016Q3,2016-09-30
NVDA,2016-10-28,2016Q3,2016-09-30
PG,2016-10-28,2016Q3,2016-09-30
PLD,2016-10-28,2016Q3,2016-09-30
UNH,2016-10-28,2016Q3,2016-09-30
UPS,2016-10-28,2016Q3,2016-09-30
V,2016-10-28,2016Q3,2016-09-30
WMT,2016-10-28,2016Q3,2016-09-30
XOM,2016-10-28,2016Q3,2016-09-30
ZQAI,2016-10-28,2016Q3,2016-09-30
ZQLH,2016-10-28,2016Q3,2016-09-30
ZQPT,2016-10-28,2016Q3,2016-09-30
AAPL,2017-01-28,2016Q4,2016-12-31
AMT,2017-01-28,2016Q4,2016-12-31
AMZN,2017-01-28,2016Q4,2016-12-31
APD,2017-01-28,2016Q4,2016-12-31
BAC,2017-01-28,2016Q4,2016-12-31
CAT,2017-01-28,2016Q4,2016-12-31
CVX,2017-01-28,2016Q4,2016-12-31
DUK,2017-01-28,2016Q4,2016-12-31
ECL,2017-01-28,2016Q4,2016-12-31
GOOGL,2017-01-28,2016Q4,2016-12-31
HD,2017-01-28,2016Q4,2016-12-31
HON,2017-01-28,2016Q4,2016-12-31
JNJ,2017-01-28,2016Q4,2016-12-31
JPM,2017-01-28,2016Q4,2016-12-31
KO,2017-01-28,2016Q4,2016-12-31
LIN,2017-01-28,2016Q4,2016-12-31
META,2017-01-28,2016Q4,2016-12-31
MSFT,2017-01-28,2016Q4,2016-12-31
NEE,2017-01-28,2016Q4,2016-12-31
NVDA,2017-01-28,2016Q4,2016-12-31
PG,2017-01-28,2016Q4,2016-12-31
PLD,2017-01-28,2016Q4,2016-12-31
UNH,2017-01-28,2016Q4,2016-12-31
UPS,2017-01-28,2016Q4,2016-12-31
V,2017-01-28,2016Q4,2016-12-31
WMT,2017-01-28,2016Q4,2016-12-31
XOM,2017-01-28,2016Q4,2016-12-31
ZQAI,2017-01-28,2016Q4,2016-12-31
ZQLH,2017-01-28,2016Q4,2016-12-31
ZQPT,2017-01-28,2016Q4,2016-12-31
AAPL,2017-04-28,2017Q1,2017-03-31
AMT,2017-04-28,2017Q1,2017-03-31
AMZN,2017-04-28,2017Q1,2017-03-31
APD,2017-04-28,2017Q1,2017-03-31
BAC,2017-04-28,2017Q1,2017-03-31
CAT,2017-04-28,2017Q1,2017-03-31
CVX,2017-04-28,2017Q1,2017-03-31
DUK,2017-04-28,2017Q1,2017-03-31
ECL,2017-04-28,2017Q1,2017-03-31
GOOGL,2017-04-28,2017Q1,2017-03-31
HD,2017-04-28,2017Q1,2017-03-31
HON,2017-04-28,2017Q1,2017-03-31
JNJ,2017-04-28,2017Q1,2017-03-31
JPM,2017-04-28,2017Q1,2017-03-31
KO,2017-04-28,2017Q1,2017-03-31
LIN,2017-04-28,2017Q1,2017-03-31
META,2017-04-28,2017Q1,2017-03-31
MSFT,2017-04-28,2017Q1,2017-03-31
NEE,2017-04-28,2017Q1,2017-03-31
NVDA,2017-04-28,2017Q1,2017-03-31
PG,2017-04-28,2017Q1,2017-03-31
PLD,2017-04-28,2017Q1,2017-03-31
UNH,2017-04-28,2017Q1,2017-03-31
UPS,2017-04-28,2017Q1,2017-03-31
V,2017-04-28,2017Q1,2017-03-31
WMT,2017-04-28,2017Q1,2017-03-31
XOM,2017-04-28,2017Q1,2017-03-31
ZQAI,2017-04-28,2017Q1,2017-03-31
ZQLH,2017-04-28,2017Q1,2017-03-31
ZQPT,2017-04-28,2017Q1,2017-03-31
AAPL,2017-07-28,2017Q2,2017-06-30
AMT,2017-07-28,2017Q2,2017-06-30
AMZN,2017-07-28,2017Q2,2017-06-30
APD,2017-07-28,2017Q2,2017-06-30
BAC,2017-07-28,2017Q2,2017-06-30
CAT,2017-07-28,2017Q2,2017-06-30
CVX,2017-07-28,2017Q2,2017-06-30
DUK,2017-07-28,2017Q2,2017-06-30
ECL,2017-07-28,2017Q2,2017-06-30
GOOGL,2017-07-28,2017Q2,2017-06-30
HD,2017-07-28,2017Q2,2017-06-30
HON,2017-07-28,2017Q2,2017-06-30
JNJ,2017-07-28,2017Q2,2017-06-30
JPM,2017-07-28,2017Q2,2017-06-30
KO,2017-07-28,2017Q2,2017-06-30
LIN,2017-07-28,2017Q2,2017-06-30
META,2017-07-28,2017Q2,2017-06-30
MSFT,2017-07-28,2017Q2,2017-06-30
NEE,2017-07-28,2017Q2,2017-06-30
NVDA,2017-07-28,2017Q2,2017-06-30
PG,2017-07-28,2017Q2,2017-06-30
PLD,2017-07-28,2017Q2,2017-06-30
UNH,2017-07-28,2017Q2,2017-06-30
UPS,2017-07-28,2017Q2,2017-06-30
V,2017-07-28,2017Q2,2017-06-30
WMT,2017-07-28,2017Q2,2017-06-30
XOM,2017-07-28,2017Q2,2017-06-30
ZQAI,2017-07-28,2017Q2,2017-06-30
ZQLH,2017-07-28,2017Q2,2017-06-30
ZQPT,2017-07-28,2017Q2,2017-06-30
AAPL,2017-10-28,2017Q3,2017-09-30
AMT,2017-10-28,2017Q3,2017-09-30
AMZN,2017-10-28,2017Q3,2017-09-30
APD,2017-10-28,2017Q3,2017-09-30
BAC,2017-10-28,2017Q3,2017-09-30
CAT,2017-10-28,2017Q3,2017-09-30
CVX,2017-10-28,2017Q3,2017-09-30
DUK,2017-10-28,2017Q3,2017-09-30
ECL,2017-10-28,2017Q3,2017-09-30
GOOGL,2017-10-28,2017Q3,2017-09-30
HD,2017-10-28,2017Q3,2017-09-30
HON,2017-10-28,2017Q3,2017-09-30
JNJ,2017-10-28,2017Q3,2017-09-30
JPM,2017-10-28,2017Q3,2017-09-30
KO,2017-10-28,2017Q3,2017-09-30
LIN,2017-10-28,2017Q3,2017-09-30
META,2017-10-28,2017Q3,2017-09-30
MSFT,2017-10-28,2017Q3,2017-09-30
NEE,2017-10-28,2017Q3,2017-09-30
NVDA,2017-10-28,2017Q3,2017-09-30
PG,2017-10-28,2017Q3,2017-09-30
PLD,2017-10-28,2017Q3,2017-09-30
UNH,2017-10-28,2017Q3,2017-09-30
UPS,2017-10-28,2017Q3,2017-09-30
V,2017-10-28,2017Q3,2017-09-30
WMT,2017-10-28,2017Q3,2017-09-30
XOM,2017-10-28,2017Q3,2017-09-30
ZQAI,2017-10-28,2017Q3,2017-09-30
ZQLH,2017-10-28,2017Q3,2017-09-30
ZQPT,2017-10-28,2017Q3,2017-09-30
AAPL,2018-01-28,2017Q4,2017-12-31
AMT,2018-01-28,2017Q4,2017-12-31
AMZN,2018-01-28,2017Q4,2017-12-31
APD,2018-01-28,2017Q4,2017-12-31
BAC,2018-01-28,2017Q4,2017-12-31
CAT,2018-01-28,2017Q4,2017-12-31
CVX,2018-01-28,2017Q4,2017-12-31
DUK,2018-01-28,2017Q4,2017-12-31
ECL,2018-01-28,2017Q4,2017-12-31
GOOGL,2018-01-28,2017Q4,2017-12-31
HD,2018-01-28,2017Q4,2017-12-31
HON,2018-01-28,2017Q4,2017-12-31
JNJ,2018-01-28,2017Q4,2017-12-31
JPM,2018-01-28,2017Q4,2017-12-31
KO,2018-01-28,2017Q4,2017-12-31
LIN,2018-01-28,2017Q4,2017-12-31
META,2018-01-28,2017Q4,2017-12-31
MSFT,2018-01-28,2017Q4,2017-12-31
NEE,2018-01-28,2017Q4,2017-12-31
NVDA,2018-01-28,2017Q4,2017-12-31
PG,2018-01-28,2017Q4,2017-12-31
PLD,2018-01-28,2017Q4,2017-12-31
UNH,2018-01-28,2017Q4,2017-12-31
UPS,2018-01-28,2017Q4,2017-12-31
V,2018-01-28,2017Q4,2017-12-31
WMT,2018-01-28,2017Q4,2017-12-31
XOM,2018-01-28,2017Q4,2017-12-31
ZQAI,2018-01-28,2017Q4,2017-12-31
ZQLH,2018-01-28,2017Q4,2017-12-31
ZQPT,2018-01-28,2017Q4,2017-12-31
AAPL,2018-04-28,2018Q1,2018-03-31
AMT,2018-04-28,2018Q1,2018-03-31
AMZN,2018-04-28,2018Q1,2018-03-31
APD,2018-04-28,2018Q1,2018-03-31
BAC,2018-04-28,2018Q1,2018-03-31
CAT,2018-04-28,2018Q1,2018-03-31
CVX,2018-04-28,2018Q1,2018-03-31
DUK,2018-04-28,2018Q1,2018-03-31
ECL,2018-04-28,2018Q1,2018-03-31
GOOGL,2018-04-28,2018Q1,2018-03-31
HD,2018-04-28,2018Q1,2018-03-31
HON,2018-04-28,2018Q1,2018-03-31
JNJ,2018-04-28,2018Q1,2018-03-31
JPM,2018-04-28,2018Q1,2018-03-31
KO,2018-04-28,2018Q1,2018-03-31
LIN,2018-04-28,2018Q1,2018-03-31
META,2018-04-28,2018Q1,2018-03-31
MSFT,2018-04-28,2018Q1,2018-03-31
NEE,2018-04-28,2018Q1,2018-03-31
NVDA,2018-04-28,2018Q1,2018-03-31
PG,2018-04-28,2018Q1,2018-03-31
PLD,2018-04-28,2018Q1,2018-03-31
UNH,2018-04-28,2018Q1,2018-03-31
UPS,2018-04-28,2018Q1,2018-03-31
V,2018-04-28,2018Q1,2018-03-31
WMT,2018-04-28,2018Q1,2018-03-31
XOM,2018-04-28,2018Q1,2018-03-31
ZQAI,2018-04-28,2018Q1,2018-03-31
ZQLH,2018-04-28,2018Q1,2018-03-31
ZQPT,2018-04-28,2018Q1,2018-03-31
AAPL,2018-07-28,2018Q2,2018-06-30
AMT,2018-07-28,2018Q2,2018-06-30
AMZN,2018-07-28,2018Q2,2018-06-30
APD,2018-07-28,2018Q2,2018-06-30
BAC,2018-07-28,2018Q2,2018-06-30
CAT,2018-07-28,2018Q2,2018-06-30
CVX,2018-07-28,2018Q2,2018-06-30
DUK,2018-07-28,2018Q2,2018-06-30
ECL,2018-07-28,2018Q2,2018-06-30
GOOGL,2018-07-28,2018Q2,2018-06-30
HD,2018-07-28,2018Q2,2018-06-30
HON,2018-07-28,2018Q2,2018-06-30
JNJ,2018-07-28,2018Q2,2018-06-30
JPM,2018-07-28,2018Q2,2018-06-30
KO,2018-07-28,2018Q2,2018-06-30
LIN,2018-07-28,2018Q2,2018-06-30
META,2018-07-28,2018Q2,2018-06-30
MSFT,2018-07-28,2018Q2,2018-06-30
NEE,2018-07-28,2018Q2,2018-06-30
NVDA,2018-07-28,2018Q2,2018-06-30
PG,2018-07-28,2018Q2,2018-06-30
PLD,2018-07-28,2018Q2,2018-06-30
UNH,2018-07-28,2018Q2,2018-06-30
UPS,2018-07-28,2018Q2,2018-06-30
V,2018-07-28,2018Q2,2018-06-30
WMT,2018-07-28,2018Q2,2018-06-30
XOM,2018-07-28,2018Q2,2018-06-30
ZQAI,2018-07-28,2018Q2,2018-06-30
ZQLH,2018-07-28,2018Q2,2018-06-30
ZQPT,2018-07-28,2018Q2,2018-06-30
AAPL,2018-10-28,2018Q3,2018-09-30
AMT,2018-10-28,2018Q3,2018-09-30
AMZN,2018-10-28,2018Q3,2018-09-30
APD,2018-10-28,2018Q3,2018-09-30
BAC,2018-10-28,2018Q3,2018-09-30
CAT,2018-10-28,2018Q3,2018-09-30
CVX,2018-10-28,2018Q3,2018-09-30
DUK,2018-10-28,2018Q3,2018-09-30
ECL,2018-10-28,2018Q3,2018-09-30
GOOGL,2018-10-28,2018Q3,2018-09-30
HD,2018-10-28,2018Q3,2018-09-30
HON,2018-10-28,2018Q3,2018-09-30
JNJ,2018-10-28,2018Q3,2018-09-30
JPM,2018-10-28,2018Q3,2018-09-30
KO,2018-10-28,2018Q3,2018-09-30
LIN,2018-10-28,2018Q3,2018-09-30
META,2018-10-28,2018Q3,2018-09-30
MSFT,2018-10-28,2018Q3,2018-09-30
NEE,2018-10-28,2018Q3,2018-09-30
NVDA,2018-10-28,2018Q3,2018-09-30
PG,2018-10-28,2018Q3,2018-09-30
PLD,2018-10-28,2018Q3,2018-09-30
UNH,2018-10-28,2018Q3,2018-09-30
UPS,2018-10-28,2018Q3,2018-09-30
V,2018-10-28,2018Q3,2018-09-30
WMT,2018-10-28,2018Q3,2018-09-30
XOM,2018-10-28,2018Q3,2018-09-30
ZQAI,2018-10-28,2018Q3,2018-09-30
ZQLH,2018-10-28,2018Q3,2018-09-30
ZQPT,2018-10-28,2018Q3,2018-09-30
AAPL,2019-01-28,2018Q4,2018-12-31
AMT,2019-01-28,2018Q4,2018-12-31
AMZN,2019-01-28,2018Q4,2018-12-31
APD,2019-01-28,2018Q4,2018-12-31
BAC,2019-01-28,2018Q4,2018-12-31
CAT,2019-01-28,2018Q4,2018-12-31
CVX,2019-01-28,2018Q4,2018-12-31
DUK,2019-01-28,2018Q4,2018-12-31
ECL,2019-01-28,2018Q4,2018-12-31
GOOGL,2019-01-28,2018Q4,2018-12-31
HD,2019-01-28,2018Q4,2018-12-31
HON,2019-01-28,2018Q4,2018-12-31
JNJ,2019-01-28,2018Q4,2018-12-31
JPM,2019-01-28,2018Q4,2018-12-31
KO,2019-01-28,2018Q4,2018-12-31
LIN,2019-01-28,2018Q4,2018-12-31
META,2019-01-28,2018Q4,2018-12-31
MSFT,2019-01-28,2018Q4,2018-12-31
NEE,2019-01-28,2018Q4,2018-12-31
NVDA,2019-01-28,2018Q4,2018-12-31
PG,2019-01-28,2018Q4,2018-12-31
PLD,2019-01-28,2018Q4,2018-12-31
UNH,2019-01-28,2018Q4,2018-12-31
UPS,2019-01-28,2018Q4,2018-12-31
V,2019-01-28,2018Q4,2018-12-31
WMT,2019-01-28,2018Q4,2018-12-31
XOM,2019-01-28,2018Q4,2018-12-31
ZQAI,2019-01-28,2018Q4,2018-12-31
ZQLH,2019-01-28,2018Q4,2018-12-31
ZQPT,2019-01-28,2018Q4,2018-12-31
AAPL,2019-04-28,2019Q1,2019-03-31
AMT,2019-04-28,2019Q1,2019-03-31
AMZN,2019-04-28,2019Q1,2019-03-31
APD,2019-04-28,2019Q1,2019-03-31
BAC,2019-04-28,2019Q1,2019-03-31
CAT,2019-04-28,2019Q1,2019-03-31
CVX,2019-04-28,2019Q1,2019-03-31
DUK,2019-04-28,2019Q1,2019-03-31
ECL,2019-04-28,2019Q1,2019-03-31
GOOGL,2019-04-28,2019Q1,2019-03-31
HD,2019-04-28,2019Q1,2019-03-31
HON,2019-04-28,2019Q1,2019-03-31
JNJ,2019-04-28,2019Q1,2019-03-31
JPM,2019-04-28,2019Q1,2019-03-31
KO,2019-04-28,2019Q1,2019-03-31
LIN,2019-04-28,2019Q1,2019-03-31
META,2019-04-28,2019Q1,2019-03-31
MSFT,2019-04-28,2019Q1,2019-03-31
NEE,2019-04-28,2019Q1,2019-03-31
NVDA,2019-04-28,2019Q1,2019-03-31
PG,2019-04-28,2019Q1,2019-03-31
PLD,2019-04-28,2019Q1,2019-03-31
UNH,2019-04-28,2019Q1,2019-03-31
UPS,2019-04-28,2019Q1,2019-03-31
V,2019-04-28,2019Q1,2019-03-31
WMT,2019-04-28,2019Q1,2019-03-31
XOM,2019-04-28,2019Q1,2019-03-31
ZQAI,2019-04-28,2019Q1,2019-03-31
ZQLH,2019-04-28,2019Q1,2019-03-31
ZQPT,2019-04-28,2019Q1,2019-03-31
AAPL,2019-07-28,2019Q2,2019-06-30
AMT,2019-07-28,2019Q2,2019-06-30
AMZN,2019-07-28,2019Q2,2019-06-30
APD,2019-07-28,2019Q2,2019-06-30
BAC,2019-07-28,2019Q2,2019-06-30
CAT,2019-07-28,2019Q2,2019-06-30
CVX,2019-07-28,2019Q2,2019-06-30
DUK,2019-07-28,2019Q2,2019-06-30
ECL,2019-07-28,2019Q2,2019-06-30
GOOGL,2019-07-28,2019Q2,2019-06-30
HD,2019-07-28,2019Q2,2019-06-30
HON,2019-07-28,2019Q2,2019-06-30
JNJ,2019-07-28,2019Q2,2019-06-30
JPM,2019-07-28,2019Q2,2019-06-30
KO,2019-07-28,2019Q2,2019-06-30
LIN,2019-07-28,2019Q2,2019-06-30
META,2019-07-28,2019Q2,2019-06-30
MSFT,2019-07-28,2019Q2,2019-06-30
NEE,2019-07-28,2019Q2,2019-06-30
NVDA,2019-07-28,2019Q2,2019-06-30
PG,2019-07-28,2019Q2,2019-06-30
PLD,2019-07-28,2019Q2,2019-06-30
UNH,2019-07-28,2019Q2,2019-06-30
UPS,2019-07-28,2019Q2,2019-06-30
V,2019-07-28,2019Q2,2019-06-30
WMT,2019-07-28,2019Q2,2019-06-30
XOM,2019-07-28,2019Q2,2019-06-30
ZQAI,2019-07-28,2019Q2,2019-06-30
ZQLH,2019-07-28,2019Q2,2019-06-30
ZQPT,2019-07-28,2019Q2,2019-06-30
AAPL,2019-10-28,2019Q3,2019-09-30
AMT,2019-10-28,2019Q3,2019-09-30
AMZN,2019-10-28,2019Q3,2019-09-30
APD,2019-10-28,2019Q3,2019-09-30
BAC,2019-10-28,2019Q3,2019-09-30
CAT,2019-10-28,2019Q3,2019-09-30
CVX,2019-10-28,2019Q3,2019-09-30
DUK,2019-10-28,2019Q3,2019-09-30
ECL,2019-10-28,2019Q3,2019-09-30
GOOGL,2019-10-28,2019Q3,2019-09-30
HD,2019-10-28,2019Q3,2019-09-30
HON,2019-10-28,2019Q3,2019-09-30
JNJ,2019-10-28,2019Q3,2019-09-30
JPM,2019-10-28,2019Q3,2019-09-30
KO,2019-10-28,2019Q3,2019-09-30
LIN,2019-10-28,2019Q3,2019-09-30
META,2019-10-28,2019Q3,2019-09-30
MSFT,2019-10-28,2019Q3,2019-09-30
NEE,2019-10-28,2019Q3,2019-09-30
NVDA,2019-10-28,2019Q3,2019-09-30
PG,2019-10-28,2019Q3,2019-09-30
PLD,2019-10-28,2019Q3,2019-09-30
UNH,2019-10-28,2019Q3,2019-09-30
UPS,2019-10-28,2019Q3,2019-09-30
V,2019-10-28,2019Q3,2019-09-30
WMT,2019-10-28,2019Q3,2019-09-30
XOM,2019-10-28,2019Q3,2019-09-30
ZQAI,2019-10-28,2019Q3,2019-09-30
ZQLH,2019-10-28,2019Q3,2019-09-30
ZQPT,2019-10-28,2019Q3,2019-09-30
AAPL,2020-01-28,2019Q4,2019-12-31
AMT,2020-01-28,2019Q4,2019-12-31
AMZN,2020-01-28,2019Q4,2019-12-31
APD,2020-01-28,2019Q4,2019-12-31
BAC,2020-01-28,2019Q4,2019-12-31
CAT,2020-01-28,2019Q4,2019-12-31
CVX,2020-01-28,2019Q4,2019-12-31
DUK,2020-01-28,2019Q4,2019-12-31
ECL,2020-01-28,2019Q4,2019-12-31
GOOGL,2020-01-28,2019Q4,2019-12-31
HD,2020-01-28,2019Q4,2019-12-31
HON,2020-01-28,2019Q4,2019-12-31
JNJ,2020-01-28,2019Q4,2019-12-31
JPM,2020-01-28,2019Q4,2019-12-31
KO,2020-01-28,2019Q4,2019-12-31
LIN,2020-01-28,2019Q4,2019-12-31
META,2020-01-28,2019Q4,2019-12-31
MSFT,2020-01-28,2019Q4,2019-12-31
NEE,2020-01-28,2019Q4,2019-12-31
NVDA,2020-01-28,2019Q4,2019-12-31
PG,2020-01-28,2019Q4,2019-12-31
PLD,2020-01-28,2019Q4,2019-12-31
UNH,2020-01-28,2019Q4,2019-12-31
UPS,2020-01-28,2019Q4,2019-12-31
V,2020-01-28,2019Q4,2019-12-31
WMT,2020-01-28,2019Q4,2019-12-31
XOM,2020-01-28,2019Q4,2019-12-31
ZQAI,2020-01-28,2019Q4,2019-12-31
ZQLH,2020-01-28,2019Q4,2019-12-31
ZQPT,2020-01-28,2019Q4,2019-12-31
AAPL,2020-04-28,2020Q1,2020-03-31
AMT,2020-04-28,2020Q1,2020-03-31
AMZN,2020-04-28,2020Q1,2020-03-31
APD,2020-04-28,2020Q1,2020-03-31
BAC,2020-04-28,2020Q1,2020-03-31
CAT,2020-04-28,2020Q1,2020-03-31
CVX,2020-04-28,2020Q1,2020-03-31
DUK,2020-04-28,2020Q1,2020-03-31
ECL,2020-04-28,2020Q1,2020-03-31
GOOGL,2020-04-28,2020Q1,2020-03-31
HD,2020-04-28,2020Q1,2020-03-31
HON,2020-04-28,2020Q1,2020-03-31
JNJ,2020-04-28,2020Q1,2020-03-31
JPM,2020-04-28,2020Q1,2020-03-31
KO,2020-04-28,2020Q1,2020-03-31
LIN,2020-04-28,2020Q1,2020-03-31
META,2020-04-28,2020Q1,2020-03-31
MSFT,2020-04-28,2020Q1,2020-03-31
NEE,2020-04-28,2020Q1,2020-03-31
NVDA,2020-04-28,2020Q1,2020-03-31
PG,2020-04-28,2020Q1,2020-03-31
PLD,2020-04-28,2020Q1,2020-03-31
UNH,2020-04-28,2020Q1,2020-03-31
UPS,2020-04-28,2020Q1,2020-03-31
V,2020-04-28,2020Q1,2020-03-31
WMT,2020-04-28,2020Q1,2020-03-31
XOM,2020-04-28,2020Q1,2020-03-31
ZQAI,2020-04-28,2020Q1,2020-03-31
ZQLH,2020-04-28,2020Q1,2020-03-31
ZQPT,2020-04-28,2020Q1,2020-03-31
AAPL,2020-07-28,2020Q2,2020-06-30
AMT,2020-07-28,2020Q2,2020-06-30
AMZN,2020-07-28,2020Q2,2020-06-30
APD,2020-07-28,2020Q2,2020-06-30
BAC,2020-07-28,2020Q2,2020-06-30
CAT,2020-07-28,2020Q2,2020-06-30
CVX,2020-07-28,2020Q2,2020-06-30
DUK,2020-07-28,2020Q2,2020-06-30
ECL,2020-07-28,2020Q2,2020-06-30
GOOGL,2020-07-28,2020Q2,2020-06-30
HD,2020-07-28,2020Q2,2020-06-30
HON,2020-07-28,2020Q2,2020-06-30
JNJ,2020-07-28,2020Q2,2020-06-30
JPM,2020-07-28,2020Q2,2020-06-30
KO,2020-07-28,2020Q2,2020-06-30
LIN,2020-07-28,2020Q2,2020-06-30
META,2020-07-28,2020Q2,2020-06-30
MSFT,2020-07-28,2020Q2,2020-06-30
NEE,2020-07-28,2020Q2,2020-06-30
NVDA,2020-07-28,2020Q2,2020-06-30
PG,2020-07-28,2020Q2,2020-06-30
PLD,2020-07-28,2020Q2,2020-06-30
UNH,2020-07-28,2020Q2,2020-06-30
UPS,2020-07-28,2020Q2,2020-06-30
V,2020-07-28,2020Q2,2020-06-30
WMT,2020-07-28,2020Q2,2020-06-30
XOM,2020-07-28,2020Q2,2020-06-30
ZQAI,2020-07-28,2020Q2,2020-06-30
ZQLH,2020-07-28,2020Q2,2020-06-30
ZQPT,2020-07-28,2020Q2,2020-06-30
AAPL,2020-10-28,2020Q3,2020-09-30
AMT,2020-10-28,2020Q3,2020-09-30
AMZN,2020-10-28,2020Q3,2020-09-30
APD,2020-10-28,2020Q3,2020-09-30
BAC,2020-10-28,2020Q3,2020-09-30
CAT,2020-10-28,2020Q3,2020-09-30
CVX,2020-10-28,2020Q3,2020-09-30
DUK,2020-10-28,2020Q3,2020-09-30
ECL,2020-10-28,2020Q3,2020-09-30
GOOGL,2020-10-28,2020Q3,2020-09-30
HD,2020-10-28,2020Q3,2020-09-30
HON,2020-10-28,2020Q3,2020-09-30
JNJ,2020-10-28,2020Q3,2020-09-30
JPM,2020-10-28,2020Q3,2020-09-30
KO,2020-10-28,2020Q3,2020-09-30
LIN,2020-10-28,2020Q3,2020-09-30
META,2020-10-28,2020Q3,2020-09-30
MSFT,2020-10-28,2020Q3,2020-09-30
NEE,2020-10-28,2020Q3,2020-09-30
NVDA,2020-10-28,2020Q3,2020-09-30
PG,2020-10-28,2020Q3,2020-09-30
PLD,2020-10-28,2020Q3,2020-09-30
UNH,2020-10-28,2020Q3,2020-09-30
UPS,2020-10-28,2020Q3,2020-09-30
V,2020-10-28,2020Q3,2020-09-30
WMT,2020-10-28,2020Q3,2020-09-30
XOM,2020-10-28,2020Q3,2020-09-30
ZQAI,2020-10-28,2020Q3,2020-09-30
ZQLH,2020-10-28,2020Q3,2020-09-30
ZQPT,2020-10-28,2020Q3,2020-09-30
AAPL,2021-01-28,2020Q4,2020-12-31
AMT,2021-01-28,2020Q4,2020-12-31
AMZN,2021-01-28,2020Q4,2020-12-31
APD,2021-01-28,2020Q4,2020-12-31
BAC,2021-01-28,2020Q4,2020-12-31
CAT,2021-01-28,2020Q4,2020-12-31
CVX,2021-01-28,2020Q4,2020-12-31
DUK,2021-01-28,2020Q4,2020-12-31
ECL,2021-01-28,2020Q4,2020-12-31
GOOGL,2021-01-28,2020Q4,2020-12-31
HD,2021-01-28,2020Q4,2020-12-31
HON,2021-01-28,2020Q4,2020-12-31
JNJ,2021-01-28,2020Q4,2020-12-31
JPM,2021-01-28,2020Q4,2020-12-31
KO,2021-01-28,2020Q4,2020-12-31
LIN,2021-01-28,2020Q4,2020-12-31
META,2021-01-28,2020Q4,2020-12-31
MSFT,2021-01-28,2020Q4,2020-12-31
NEE,2021-01-28,2020Q4,2020-12-31
NVDA,2021-01-28,2020Q4,2020-12-31
PG,2021-01-28,2020Q4,2020-12-31
PLD,2021-01-28,2020Q4,2020-12-31
UNH,2021-01-28,2020Q4,2020-12-31
UPS,2021-01-28,2020Q4,2020-12-31
V,2021-01-28,2020Q4,2020-12-31
WMT,2021-01-28,2020Q4,2020-12-31
XOM,2021-01-28,2020Q4,2020-12-31
ZQAI,2021-01-28,2020Q4,2020-12-31
ZQLH,2021-01-28,2020Q4,2020-12-31
ZQPT,2021-01-28,2020Q4,2020-12-31
AAPL,2021-04-28,2021Q1,2021-03-31
AMT,2021-04-28,2021Q1,2021-03-31
AMZN,2021-04-28,2021Q1,2021-03-31
APD,2021-04-28,2021Q1,2021-03-31
BAC,2021-04-28,2021Q1,2021-03-31
CAT,2021-04-28,2021Q1,2021-03-31
CVX,2021-04-28,2021Q1,2021-03-31
DUK,2021-04-28,2021Q1,2021-03-31
ECL,2021-04-28,2021Q1,2021-03-31
GOOGL,2021-04-28,2021Q1,2021-03-31
HD,2021-04-28,2021Q1,2021-03-31
HON,2021-04-28,2021Q1,2021-03-31
JNJ,2021-04-28,2021Q1,2021-03-31
JPM,2021-04-28,2021Q1,2021-03-31
KO,2021-04-28,2021Q1,2021-03-31
LIN,2021-04-28,2021Q1,2021-03-31
META,2021-04-28,2021Q1,2021-03-31
MSFT,2021-04-28,2021Q1,2021-03-31
NEE,2021-04-28,2021Q1,2021-03-31
NVDA,2021-04-28,2021Q1,2021-03-31
PG,2021-04-28,2021Q1,2021-03-31
PLD,2021-04-28,2021Q1,2021-03-31
UNH,2021-04-28,2021Q1,2021-03-31
UPS,2021-04-28,2021Q1,2021-03-31
V,2021-04-28,2021Q1,2021-03-31
WMT,2021-04-28,2021Q1,2021-03-31
XOM,2021-04-28,2021Q1,2021-03-31
ZQAI,2021-04-28,2021Q1,2021-03-31
ZQLH,2021-04-28,2021Q1,2021-03-31
ZQPT,2021-04-28,2021Q1,2021-03-31
AAPL,2021-07-28,2021Q2,2021-06-30
AMT,2021-07-28,2021Q2,2021-06-30
AMZN,2021-07-28,2021Q2,2021-06-30
APD,2021-07-28,2021Q2,2021-06-30
BAC,2021-07-28,2021Q2,2021-06-30
CAT,2021-07-28,2021Q2,2021-06-30
CVX,2021-07-28,2021Q2,2021-06-30
DUK,2021-07-28,2021Q2,2021-06-30
ECL,2021-07-28,2021Q2,2021-06-30
GOOGL,2021-07-28,2021Q2,2021-06-30
HD,2021-07-28,2021Q2,2021-06-30
HON,2021-07-28,2021Q2,2021-06-30
JNJ,2021-07-28,2021Q2,2021-06-30
JPM,2021-07-28,2021Q2,2021-06-30
KO,2021-07-28,2021Q2,2021-06-30
LIN,2021-07-28,2021Q2,2021-06-30
META,2021-07-28,2021Q2,2021-06-30
MSFT,2021-07-28,2021Q2,2021-06-30
NEE,2021-07-28,2021Q2,2021-06-30
NVDA,2021-07-28,2021Q2,2021-06-30
PG,2021-07-28,2021Q2,2021-06-30
PLD,2021-07-28,2021Q2,2021-06-30
UNH,2021-07-28,2021Q2,2021-06-30
UPS,2021-07-28,2021Q2,2021-06-30
V,2021-07-28,2021Q2,2021-06-30
WMT,2021-07-28,2021Q2,2021-06-30
XOM,2021-07-28,2021Q2,2021-06-30
ZQAI,2021-07-28,2021Q2,2021-06-30
ZQLH,2021-07-28,2021Q2,2021-06-30
ZQPT,2021-07-28,2021Q2,2021-06-30
AAPL,2021-10-28,2021Q3,2021-09-30
AMT,2021-10-28,2021Q3,2021-09-30
AMZN,2021-10-28,2021Q3,2021-09-30
APD,2021-10-28,2021Q3,2021-09-30
BAC,2021-10-28,2021Q3,2021-09-30
CAT,2021-10-28,2021Q3,2021-09-30
CVX,2021-10-28,2021Q3,2021-09-30
DUK,2021-10-28,2021Q3,2021-09-30
ECL,2021-10-28,2021Q3,2021-09-30
GOOGL,2021-10-28,2021Q3,2021-09-30
HD,2021-10-28,2021Q3,2021-09-30
HON,2021-10-28,2021Q3,2021-09-30
JNJ,2021-10-28,2021Q3,2021-09-30
JPM,2021-10-28,2021Q3,2021-09-30
KO,2021-10-28,2021Q3,2021-09-30
LIN,2021-10-28,2021Q3,2021-09-30
META,2021-10-28,2021Q3,2021-09-30
MSFT,2021-10-28,2021Q3,2021-09-30
NEE,2021-10-28,2021Q3,2021-09-30
NVDA,2021-10-28,2021Q3,2021-09-30
PG,2021-10-28,2021Q3,2021-09-30
PLD,2021-10-28,2021Q3,2021-09-30
UNH,2021-10-28,2021Q3,2021-09-30
UPS,2021-10-28,2021Q3,2021-09-30
V,2021-10-28,2021Q3,2021-09-30
WMT,2021-10-28,2021Q3,2021-09-30
XOM,2021-10-28,2021Q3,2021-09-30
ZQAI,2021-10-28,2021Q3,2021-09-30
ZQLH,2021-10-28,2021Q3,2021-09-30
ZQPT,2021-10-28,2021Q3,2021-09-30
AAPL,2022-01-28,2021Q4,2021-12-31
AMT,2022-01-28,2021Q4,2021-12-31
AMZN,2022-01-28,2021Q4,2021-12-31
APD,2022-01-28,2021Q4,2021-12-31
BAC,2022-01-28,2021Q4,2021-12-31
CAT,2022-01-28,2021Q4,2021-12-31
CVX,2022-01-28,2021Q4,2021-12-31
DUK,2022-01-28,2021Q4,2021-12-31
ECL,2022-01-28,2021Q4,2021-12-31
GOOGL,2022-01-28,2021Q4,2021-12-31
HD,2022-01-28,2021Q4,2021-12-31
HON,2022-01-28,2021Q4,2021-12-31
JNJ,2022-01-28,2021Q4,2021-12-31
JPM,2022-01-28,2021Q4,2021-12-31
KO,2022-01-28,2021Q4,2021-12-31
LIN,2022-01-28,2021Q4,2021-12-31
META,2022-01-28,2021Q4,2021-12-31
MSFT,2022-01-28,2021Q4,2021-12-31
NEE,2022-01-28,2021Q4,2021-12-31
NVDA,2022-01-28,2021Q4,2021-12-31
PG,2022-01-28,2021Q4,2021-12-31
PLD,2022-01-28,2021Q4,2021-12-31
UNH,2022-01-28,2021Q4,2021-12-31
UPS,2022-01-28,2021Q4,2021-12-31
V,2022-01-28,2021Q4,2021-12-31
WMT,2022-01-28,2021Q4,2021-12-31
XOM,2022-01-28,2021Q4,2021-12-31
ZQAI,2022-01-28,2021Q4,2021-12-31
ZQLH,2022-01-28,2021Q4,2021-12-31
ZQPT,2022-01-28,2021Q4,2021-12-31
AAPL,2022-04-28,2022Q1,2022-03-31
AMT,2022-04-28,2022Q1,2022-03-31
AMZN,2022-04-28,2022Q1,2022-03-31
APD,2022-04-28,2022Q1,2022-03-31
BAC,2022-04-28,2022Q1,2022-03-31
CAT,2022-04-28,2022Q1,2022-03-31
CVX,2022-04-28,2022Q1,2022-03-31
DUK,2022-04-28,2022Q1,2022-03-31
ECL,2022-04-28,2022Q1,2022-03-31
GOOGL,2022-04-28,2022Q1,2022-03-31
HD,2022-04-28,2022Q1,2022-03-31
HON,2022-04-28,2022Q1,2022-03-31
JNJ,2022-04-28,2022Q1,2022-03-31
JPM,2022-04-28,2022Q1,2022-03-31
KO,2022-04-28,2022Q1,2022-03-31
LIN,2022-04-28,2022Q1,2022-03-31
META,2022-04-28,2022Q1,2022-03-31
MSFT,2022-04-28,2022Q1,2022-03-31
NEE,2022-04-28,2022Q1,2022-03-31
NVDA,2022-04-28,2022Q1,2022-03-31
PG,2022-04-28,2022Q1,2022-03-31
PLD,2022-04-28,2022Q1,2022-03-31
UNH,2022-04-28,2022Q1,2022-03-31
UPS,2022-04-28,2022Q1,2022-03-31
V,2022-04-28,2022Q1,2022-03-31
WMT,2022-04-28,2022Q1,2022-03-31
XOM,2022-04-28,2022Q1,2022-03-31
ZQAI,2022-04-28,2022Q1,2022-03-31
ZQLH,2022-04-28,2022Q1,2022-03-31
ZQPT,2022-04-28,2022Q1,2022-03-31
AAPL,2022-07-28,2022Q2,2022-06-30
AMT,2022-07-28,2022Q2,2022-06-30
AMZN,2022-07-28,2022Q2,2022-06-30
APD,2022-07-28,2022Q2,2022-06-30
BAC,2022-07-28,2022Q2,2022-06-30
CAT,2022-07-28,2022Q2,2022-06-30
CVX,2022-07-28,2022Q2,2022-06-30
DUK,2022-07-28,2022Q2,2022-06-30
ECL,2022-07-28,2022Q2,2022-06-30
GOOGL,2022-07-28,2022Q2,2022-06-30
HD,2022-07-28,2022Q2,2022-06-30
HON,2022-07-28,2022Q2,2022-06-30
JNJ,2022-07-28,2022Q2,2022-06-30
JPM,2022-07-28,2022Q2,2022-06-30
KO,2022-07-28,2022Q2,2022-06-30
LIN,2022-07-28,2022Q2,2022-06-30
META,2022-07-28,2022Q2,2022-06-30
MSFT,2022-07-28,2022Q2,2022-06-30
NEE,2022-07-28,2022Q2,2022-06-30
NVDA,2022-07-28,2022Q2,2022-06-30
PG,2022-07-28,2022Q2,2022-06-30
PLD,2022-07-28,2022Q2,2022-06-30
UNH,2022-07-28,2022Q2,2022-06-30
UPS,2022-07-28,2022Q2,2022-06-30
V,2022-07-28,2022Q2,2022-06-30
WMT,2022-07-28,2022Q2,2022-06-30
XOM,2022-07-28,2022Q2,2022-06-30
ZQAI,2022-07-28,2022Q2,2022-06-30
ZQLH,2022-07-28,2022Q2,2022-06-30
ZQPT,2022-07-28,2022Q2,2022-06-30
AAPL,2022-10-28,2022Q3,2022-09-30
AMT,2022-10-28,2022Q3,2022-09-30
AMZN,2022-10-28,2022Q3,2022-09-30
APD,2022-10-28,2022Q3,2022-09-30
BAC,2022-10-28,2022Q3,2022-09-30
CAT,2022-10-28,2022Q3,2022-09-30
CVX,2022-10-28,2022Q3,2022-09-30
DUK,2022-10-28,2022Q3,2022-09-30
ECL,2022-10-28,2022Q3,2022-09-30
GOOGL,2022-10-28,2022Q3,2022-09-30
HD,2022-10-28,2022Q3,2022-09-30
HON,2022-10-28,2022Q3,2022-09-30
JNJ,2022-10-28,2022Q3,2022-09-30
JPM,2022-10-28,2022Q3,2022-09-30
KO,2022-10-28,2022Q3,2022-09-30
LIN,2022-10-28,2022Q3,2022-09-30
META,2022-10-28,2022Q3,2022-09-30
MSFT,2022-10-28,2022Q3,2022-09-30
NEE,2022-10-28,2022Q3,2022-09-30
NVDA,2022-10-28,2022Q3,2022-09-30
PG,2022-10-28,2022Q3,2022-09-30
PLD,2022-10-28,2022Q3,2022-09-30
UNH,2022-10-28,2022Q3,2022-09-30
UPS,2022-10-28,2022Q3,2022-09-30
V,2022-10-28,2022Q3,2022-09-30
WMT,2022-10-28,2022Q3,2022-09-30
XOM,2022-10-28,2022Q3,2022-09-30
ZQAI,2022-10-28,2022Q3,2022-09-30
ZQLH,2022-10-28,2022Q3,2022-09-30
ZQPT,2022-10-28,2022Q3,2022-09-30
AAPL,2023-01-28,2022Q4,2022-12-31
AMT,2023-01-28,2022Q4,2022-12-31
AMZN,2023-01-28,2022Q4,2022-12-31
APD,2023-01-28,2022Q4,2022-12-31
BAC,2023-01-28,2022Q4,2022-12-31
CAT,2023-01-28,2022Q4,2022-12-31
CVX,2023-01-28,2022Q4,2022-12-31
DUK,2023-01-28,2022Q4,2022-12-31
ECL,2023-01-28,2022Q4,2022-12-31
GOOGL,2023-01-28,2022Q4,2022-12-31
HD,2023-01-28,2022Q4,2022-12-31
HON,2023-01-28,2022Q4,2022-12-31
JNJ,2023-01-28,2022Q4,2022-12-31
JPM,2023-01-28,2022Q4,2022-12-31
KO,2023-01-28,2022Q4,2022-12-31
LIN,2023-01-28,2022Q4,2022-12-31
META,2023-01-28,2022Q4,2022-12-31
MSFT,2023-01-28,2022Q4,2022-12-31
NEE,2023-01-28,2022Q4,2022-12-31
NVDA,2023-01-28,2022Q4,2022-12-31
PG,2023-01-28,2022Q4,2022-12-31
PLD,2023-01-28,2022Q4,2022-12-31
UNH,2023-01-28,2022Q4,2022-12-31
UPS,2023-01-28,2022Q4,2022-12-31
V,2023-01-28,2022Q4,2022-12-31
WMT,2023-01-28,2022Q4,2022-12-31
XOM,2023-01-28,2022Q4,2022-12-31
ZQAI,2023-01-28,2022Q4,2022-12-31
ZQLH,2023-01-28,2022Q4,2022-12-31
ZQPT,2023-01-28,2022Q4,2022-12-31
AAPL,2023-04-28,2023Q1,2023-03-31
AMT,2023-04-28,2023Q1,2023-03-31
AMZN,2023-04-28,2023Q1,2023-03-31
APD,2023-04-28,2023Q1,2023-03-31
BAC,2023-04-28,2023Q1,2023-03-31
CAT,2023-04-28,2023Q1,2023-03-31
CVX,2023-04-28,2023Q1,2023-03-31
DUK,2023-04-28,2023Q1,2023-03-31
ECL,2023-04-28,2023Q1,2023-03-31
GOOGL,2023-04-28,2023Q1,2023-03-31
HD,2023-04-28,2023Q1,2023-03-31
HON,2023-04-28,2023Q1,2023-03-31
JNJ,2023-04-28,2023Q1,2023-03-31
JPM,2023-04-28,2023Q1,2023-03-31
KO,2023-04-28,2023Q1,2023-03-31
LIN,2023-04-28,2023Q1,2023-03-31
META,2023-04-28,2023Q1,2023-03-31
MSFT,2023-04-28,2023Q1,2023-03-31
NEE,2023-04-28,2023Q1,2023-03-31
NVDA,2023-04-28,2023Q1,2023-03-31
PG,2023-04-28,2023Q1,2023-03-31
PLD,2023-04-28,2023Q1,2023-03-31
UNH,2023-04-28,2023Q1,2023-03-31
UPS,2023-04-28,2023Q1,2023-03-31
V,2023-04-28,2023Q1,2023-03-31
WMT,2023-04-28,2023Q1,2023-03-31
XOM,2023-04-28,2023Q1,2023-03-31
ZQAI,2023-04-28,2023Q1,2023-03-31
ZQLH,2023-04-28,2023Q1,2023-03-31
ZQPT,2023-04-28,2023Q1,2023-03-31
AAPL,2023-07-28,2023Q2,2023-06-30
AMT,2023-07-28,2023Q2,2023-06-30
AMZN,2023-07-28,2023Q2,2023-06-30
APD,2023-07-28,2023Q2,2023-06-30
BAC,2023-07-28,2023Q2,2023-06-30
CAT,2023-07-28,2023Q2,2023-06-30
CVX,2023-07-28,2023Q2,2023-06-30
DUK,2023-07-28,2023Q2,2023-06-30
ECL,2023-07-28,2023Q2,2023-06-30
GOOGL,2023-07-28,2023Q2,2023-06-30
HD,2023-07-28,2023Q2,2023-06-30
HON,2023-07-28,2023Q2,2023-06-30
JNJ,2023-07-28,2023Q2,2023-06-30
JPM,2023-07-28,2023Q2,2023-06-30
KO,2023-07-28,2023Q2,2023-06-30
LIN,2023-07-28,2023Q2,2023-06-30
META,2023-07-28,2023Q2,2023-06-30
MSFT,2023-07-28,2023Q2,2023-06-30
NEE,2023-07-28,2023Q2,2023-06-30
NVDA,2023-07-28,2023Q2,2023-06-30
PG,2023-07-28,2023Q2,2023-06-30
PLD,2023-07-28,2023Q2,2023-06-30
UNH,2023-07-28,2023Q2,2023-06-30
UPS,2023-07-28,2023Q2,2023-06-30
V,2023-07-28,2023Q2,2023-06-30
WMT,2023-07-28,2023Q2,2023-06-30
XOM,2023-07-28,2023Q2,2023-06-30
ZQAI,2023-07-28,2023Q2,2023-06-30
ZQLH,2023-07-28,2023Q2,2023-06-30
ZQPT,2023-07-28,2023Q2,2023-06-30
AAPL,2023-10-28,2023Q3,2023-09-30
AMT,2023-10-28,2023Q3,2023-09-30
AMZN,2023-10-28,2023Q3,2023-09-30
APD,2023-10-28,2023Q3,2023-09-30
BAC,2023-10-28,2023Q3,2023-09-30
CAT,2023-10-28,2023Q3,2023-09-30
CVX,2023-10-28,2023Q3,2023-09-30
DUK,2023-10-28,2023Q3,2023-09-30
ECL,2023-10-28,2023Q3,2023-09-30
GOOGL,2023-10-28,2023Q3,2023-09-30
HD,2023-10-28,2023Q3,2023-09-30
HON,2023-10-28,2023Q3,2023-09-30
JNJ,2023-10-28,2023Q3,2023-09-30
JPM,2023-10-28,2023Q3,2023-09-30
KO,2023-10-28,2023Q3,2023-09-30
LIN,2023-10-28,2023Q3,2023-09-30
META,2023-10-28,2023Q3,2023-09-30
MSFT,2023-10-28,2023Q3,2023-09-30
NEE,2023-10-28,2023Q3,2023-09-30
NVDA,2023-10-28,2023Q3,2023-09-30
PG,2023-10-28,2023Q3,2023-09-30
PLD,2023-10-28,2023Q3,2023-09-30
UNH,2023-10-28,2023Q3,2023-09-30
UPS,2023-10-28,2023Q3,2023-09-30
V,2023-10-28,2023Q3,2023-09-30
WMT,2023-10-28,2023Q3,2023-09-30
XOM,2023-10-28,2023Q3,2023-09-30
ZQAI,2023-10-28,2023Q3,2023-09-30
ZQLH,2023-10-28,2023Q3,2023-09-30
ZQPT,2023-10-28,2023Q3,2023-09-30
AAPL,2024-01-28,2023Q4,2023-12-31
AMT,2024-01-28,2023Q4,2023-12-31
AMZN,2024-01-28,2023Q4,2023-12-31
APD,2024-01-28,2023Q4,2023-12-31
BAC,2024-01-28,2023Q4,2023-12-31
CAT,2024-01-28,2023Q4,2023-12-31
CVX,2024-01-28,2023Q4,2023-12-31
DUK,2024-01-28,2023Q4,2023-12-31
ECL,2024-01-28,2023Q4,2023-12-31
GOOGL,2024-01-28,2023Q4,2023-12-31
HD,2024-01-28,2023Q4,2023-12-31
HON,2024-01-28,2023Q4,2023-12-31
JNJ,2024-01-28,2023Q4,2023-12-31
JPM,2024-01-28,2023Q4,2023-12-31
KO,2024-01-28,2023Q4,2023-12-31
LIN,2024-01-28,2023Q4,2023-12-31
META,2024-01-28,2023Q4,2023-12-31
MSFT,2024-01-28,2023Q4,2023-12-31
NEE,2024-01-28,2023Q4,2023-12-31
NVDA,2024-01-28,2023Q4,2023-12-31
PG,2024-01-28,2023Q4,2023-12-31
PLD,2024-01-28,2023Q4,2023-12-31
UNH,2024-01-28,2023Q4,2023-12-31
UPS,2024-01-28,2023Q4,2023-12-31
V,2024-01-28,2023Q4,2023-12-31
WMT,2024-01-28,2023Q4,2023-12-31
XOM,2024-01-28,2023Q4,2023-12-31
ZQAI,2024-01-28,2023Q4,2023-12-31
ZQLH,2024-01-28,2023Q4,2023-12-31
ZQPT,2024-01-28,2023Q4,2023-12-31
AAPL,2024-04-28,2024Q1,2024-03-31
AMT,2024-04-28,2024Q1,2024-03-31
AMZN,2024-04-28,2024Q1,2024-03-31
APD,2024-04-28,2024Q1,2024-03-31
BAC,2024-04-28,2024Q1,2024-03-31
CAT,2024-04-28,2024Q1,2024-03-31
CVX,2024-04-28,2024Q1,2024-03-31
DUK,2024-04-28,2024Q1,2024-03-31
ECL,2024-04-28,2024Q1,2024-03-31
GOOGL,2024-04-28,2024Q1,2024-03-31
HD,2024-04-28,2024Q1,2024-03-31
HON,2024-04-28,2024Q1,2024-03-31
JNJ,2024-04-28,2024Q1,2024-03-31
JPM,2024-04-28,2024Q1,2024-03-31
KO,2024-04-28,2024Q1,2024-03-31
LIN,2024-04-28,2024Q1,2024-03-31
META,2024-04-28,2024Q1,2024-03-31
MSFT,2024-04-28,2024Q1,2024-03-31
NEE,2024-04-28,2024Q1,2024-03-31
NVDA,2024-04-28,2024Q1,2024-03-31
PG,2024-04-28,2024Q1,2024-03-31
PLD,2024-04-28,2024Q1,2024-03-31
UNH,2024-04-28,2024Q1,2024-03-31
UPS,2024-04-28,2024Q1,2024-03-31
V,2024-04-28,2024Q1,2024-03-31
WMT,2024-04-28,2024Q1,2024-03-31
XOM,2024-04-28,2024Q1,2024-03-31
ZQAI,2024-04-28,2024Q1,2024-03-31
ZQLH,2024-04-28,2024Q1,2024-03-31
ZQPT,2024-04-28,2024Q1,2024-03-31
AAPL,2024-07-28,2024Q2,2024-06-30
AMT,2024-07-28,2024Q2,2024-06-30
AMZN,2024-07-28,2024Q2,2024-06-30
APD,2024-07-28,2024Q2,2024-06-30
BAC,2024-07-28,2024Q2,2024-06-30
CAT,2024-07-28,2024Q2,2024-06-30
CVX,2024-07-28,2024Q2,2024-06-30
DUK,2024-07-28,2024Q2,2024-06-30
ECL,2024-07-28,2024Q2,2024-06-30
GOOGL,2024-07-28,2024Q2,2024-06-30
HD,2024-07-28,2024Q2,2024-06-30
HON,2024-07-28,2024Q2,2024-06-30
JNJ,2024-07-28,2024Q2,2024-06-30
JPM,2024-07-28,2024Q2,2024-06-30
KO,2024-07-28,2024Q2,2024-06-30
LIN,2024-07-28,2024Q2,2024-06-30
META,2024-07-28,2024Q2,2024-06-30
MSFT,2024-07-28,2024Q2,2024-06-30
NEE,2024-07-28,2024Q2,2024-06-30
NVDA,2024-07-28,2024Q2,2024-06-30
PG,2024-07-28,2024Q2,2024-06-30
PLD,2024-07-28,2024Q2,2024-06-30
UNH,2024-07-28,2024Q2,2024-06-30
UPS,2024-07-28,2024Q2,2024-06-30
V,2024-07-28,2024Q2,2024-06-30
WMT,2024-07-28,2024Q2,2024-06-30
XOM,2024-07-28,2024Q2,2024-06-30
ZQAI,2024-07-28,2024Q2,2024-06-30
ZQLH,2024-07-28,2024Q2,2024-06-30
ZQPT,2024-07-28,2024Q2,2024-06-30
AAPL,2024-10-28,2024Q3,2024-09-30
AMT,2024-10-28,2024Q3,2024-09-30
AMZN,2024-10-28,2024Q3,2024-09-30
APD,2024-10-28,2024Q3,2024-09-30
BAC,2024-10-28,2024Q3,2024-09-30
CAT,2024-10-28,2024Q3,2024-09-30
CVX,2024-10-28,2024Q3,2024-09-30
DUK,2024-10-28,2024Q3,2024-09-30
ECL,2024-10-28,2024Q3,2024-09-30
GOOGL,2024-10-28,2024Q3,2024-09-30
HD,2024-10-28,2024Q3,2024-09-30
HON,2024-10-28,2024Q3,2024-09-30
JNJ,2024-10-28,2024Q3,2024-09-30
JPM,2024-10-28,2024Q3,2024-09-30
KO,2024-10-28,2024Q3,2024-09-30
LIN,2024-10-28,2024Q3,2024-09-30
META,2024-10-28,2024Q3,2024-09-30
MSFT,2024-10-28,2024Q3,2024-09-30
NEE,2024-10-28,2024Q3,2024-09-30
NVDA,2024-10-28,2024Q3,2024-09-30
PG,2024-10-28,2024Q3,2024-09-30
PLD,2024-10-28,2024Q3,2024-09-30
UNH,2024-10-28,2024Q3,2024-09-30
UPS,2024-10-28,2024Q3,2024-09-30
V,2024-10-28,2024Q3,2024-09-30
WMT,2024-10-28,2024Q3,2024-09-30
XOM,2024-10-28,2024Q3,2024-09-30
ZQAI,2024-10-28,2024Q3,2024-09-30
ZQLH,2024-10-28,2024Q3,2024-09-30
ZQPT,2024-10-28,2024Q3,2024-09-30
AAPL,2025-01-28,2024Q4,2024-12-31
AMT,2025-01-28,2024Q4,2024-12-31
AMZN,2025-01-28,2024Q4,2024-12-31
APD,2025-01-28,2024Q4,2024-12-31
BAC,2025-01-28,2024Q4,2024-12-31
CAT,2025-01-28,2024Q4,2024-12-31
CVX,2025-01-28,2024Q4,2024-12-31
DUK,2025-01-28,2024Q4,2024-12-31
ECL,2025-01-28,2024Q4,2024-12-31
GOOGL,2025-01-28,2024Q4,2024-12-31
HD,2025-01-28,2024Q4,2024-12-31
HON,2025-01-28,2024Q4,2024-12-31
JNJ,2025-01-28,2024Q4,2024-12-31
JPM,2025-01-28,2024Q4,2024-12-31
KO,2025-01-28,2024Q4,2024-12-31
LIN,2025-01-28,2024Q4,2024-12-31
META,2025-01-28,2024Q4,2024-12-31
MSFT,2025-01-28,2024Q4,2024-12-31
NEE,2025-01-28,2024Q4,2024-12-31
NVDA,2025-01-28,2024Q4,2024-12-31
PG,2025-01-28,2024Q4,2024-12-31
PLD,2025-01-28,2024Q4,2024-12-31
UNH,2025-01-28,2024Q4,2024-12-31
UPS,2025-01-28,2024Q4,2024-12-31
V,2025-01-28,2024Q4,2024-12-31
WMT,2025-01-28,2024Q4,2024-12-31
XOM,2025-01-28,2024Q4,2024-12-31
ZQAI,2025-01-28,2024Q4,2024-12-31
ZQLH,2025-01-28,2024Q4,2024-12-31
ZQPT,2025-01-28,2024Q4,2024-12-31
AAPL,2025-04-28,2025Q1,2025-03-31
AMT,2025-04-28,2025Q1,2025-03-31
AMZN,2025-04-28,2025Q1,2025-03-31
APD,2025-04-28,2025Q1,2025-03-31
BAC,2025-04-28,2025Q1,2025-03-31
CAT,2025-04-28,2025Q1,2025-03-31
CVX,2025-04-28,2025Q1,2025-03-31
DUK,2025-04-28,2025Q1,2025-03-31
ECL,2025-04-28,2025Q1,2025-03-31
GOOGL,2025-04-28,2025Q1,2025-03-31
HD,2025-04-28,2025Q1,2025-03-31
HON,2025-04-28,2025Q1,2025-03-31
JNJ,2025-04-28,2025Q1,2025-03-31
JPM,2025-04-28,2025Q1,2025-03-31
KO,2025-04-28,2025Q1,2025-03-31
LIN,2025-04-28,2025Q1,2025-03-31
META,2025-04-28,2025Q1,2025-03-31
MSFT,2025-04-28,2025Q1,2025-03-31
NEE,2025-04-28,2025Q1,2025-03-31
NVDA,2025-04-28,2025Q1,2025-03-31
PG,2025-04-28,2025Q1,2025-03-31
PLD,2025-04-28,2025Q1,2025-03-31
UNH,2025-04-28,2025Q1,2025-03-31
UPS,2025-04-28,2025Q1,2025-03-31
V,2025-04-28,2025Q1,2025-03-31
WMT,2025-04-28,2025Q1,2025-03-31
XOM,2025-04-28,2025Q1,2025-03-31
ZQAI,2025-04-28,2025Q1,2025-03-31
ZQLH,2025-04-28,2025Q1,2025-03-31
ZQPT,2025-04-28,2025Q1,2025-03-31
AAPL,2025-07-28,2025Q2,2025-06-30
AMT,2025-07-28,2025Q2,2025-06-30
AMZN,2025-07-28,2025Q2,2025-06-30
APD,2025-07-28,2025Q2,2025-06-30
BAC,2025-07-28,2025Q2,2025-06-30
CAT,2025-07-28,2025Q2,2025-06-30
CVX,2025-07-28,2025Q2,2025-06-30
DUK,2025-07-28,2025Q2,2025-06-30
ECL,2025-07-28,2025Q2,2025-06-30
GOOGL,2025-07-28,2025Q2,2025-06-30
HD,2025-07-28,2025Q2,2025-06-30
HON,2025-07-28,2025Q2,2025-06-30
JNJ,2025-07-28,2025Q2,2025-06-30
JPM,2025-07-28,2025Q2,2025-06-30
KO,2025-07-28,2025Q2,2025-06-30
LIN,2025-07-28,2025Q2,2025-06-30
META,2025-07-28,2025Q2,2025-06-30
MSFT,2025-07-28,2025Q2,2025-06-30
NEE,2025-07-28,2025Q2,2025-06-30
NVDA,2025-07-28,2025Q2,2025-06-30
PG,2025-07-28,2025Q2,2025-06-30
PLD,2025-07-28,2025Q2,2025-06-30
UNH,2025-07-28,2025Q2,2025-06-30
UPS,2025-07-28,2025Q2,2025-06-30
V,2025-07-28,2025Q2,2025-06-30
WMT,2025-07-28,2025Q2,2025-06-30
XOM,2025-07-28,2025Q2,2025-06-30
ZQAI,2025-07-28,2025Q2,2025-06-30
ZQLH,2025-07-28,2025Q2,2025-06-30
ZQPT,2025-07-28,2025Q2,2025-06-30
AAPL,2025-10-28,2025Q3,2025-09-30
AMT,2025-10-28,2025Q3,2025-09-30
AMZN,2025-10-28,2025Q3,2025-09-30
APD,2025-10-28,2025Q3,2025-09-30
BAC,2025-10-28,2025Q3,2025-09-30
CAT,2025-10-28,2025Q3,2025-09-30
CVX,2025-10-28,2025Q3,2025-09-30
DUK,2025-10-28,2025Q3,2025-09-30
ECL,2025-10-28,2025Q3,2025-09-30
GOOGL,2025-10-28,2025Q3,2025-09-30
HD,2025-10-28,2025Q3,2025-09-30
HON,2025-10-28,2025Q3,2025-09-30
JNJ,2025-10-28,2025Q3,2025-09-30
JPM,2025-10-28,2025Q3,2025-09-30
KO,2025-10-28,2025Q3,2025-09-30
LIN,2025-10-28,2025Q3,2025-09-30
META,2025-10-28,2025Q3,2025-09-30
MSFT,2025-10-28,2025Q3,2025-09-30
NEE,2025-10-28,2025Q3,2025-09-30
NVDA,2025-10-28,2025Q3,2025-09-30
PG,2025-10-28,2025Q3,2025-09-30
PLD,2025-10-28,2025Q3,2025-09-30
UNH,2025-10-28,2025Q3,2025-09-30
UPS,2025-10-28,2025Q3,2025-09-30
V,2025-10-28,2025Q3,2025-09-30
WMT,2025-10-28,2025Q3,2025-09-30
XOM,2025-10-28,2025Q3,2025-09-30
ZQAI,2025-10-28,2025Q3,2025-09-30
ZQLH,2025-10-28,2025Q3,2025-09-30
ZQPT,2025-10-28,2025Q3,2025-09-30
AAPL,2026-01-28,2025Q4,2025-12-31
AMT,2026-01-28,2025Q4,2025-12-31
AMZN,2026-01-28,2025Q4,2025-12-31
APD,2026-01-28,2025Q4,2025-12-31
BAC,2026-01-28,2025Q4,2025-12-31
CAT,2026-01-28,2025Q4,2025-12-31
CVX,2026-01-28,2025Q4,2025-12-31
DUK,2026-01-28,2025Q4,2025-12-31
ECL,2026-01-28,2025Q4,2025-12-31
GOOGL,2026-01-28,2025Q4,2025-12-31
HD,2026-01-28,2025Q4,2025-12-31
HON,2026-01-28,2025Q4,2025-12-31
JNJ,2026-01-28,2025Q4,2025-12-31
JPM,2026-01-28,2025Q4,2025-12-31
KO,2026-01-28,2025Q4,2025-12-31
LIN,2026-01-28,2025Q4,2025-12-31
META,2026-01-28,2025Q4,2025-12-31
MSFT,2026-01-28,2025Q4,2025-12-31
NEE,2026-01-28,2025Q4,2025-12-31
NVDA,2026-01-28,2025Q4,2025-12-31
PG,2026-01-28,2025Q4,2025-12-31
PLD,2026-01-28,2025Q4,2025-12-31
UNH,2026-01-28,2025Q4,2025-12-31
UPS,2026-01-28,2025Q4,2025-12-31
V,2026-01-28,2025Q4,2025-12-31
WMT,2026-01-28,2025Q4,2025-12-31
XOM,2026-01-28,2025Q4,2025-12-31
ZQAI,2026-01-28,2025Q4,2025-12-31
ZQLH,2026-01-28,2025Q4,2025-12-31
ZQPT,2026-01-28,2025Q4,2025-12-31
