report_date,ticker,fiscal_quarter,fiscal_quarter_end,roe,gross_margin,fcf_yield,debt_to_assets,pe,pb,ev_ebitda,earnings_yield
2015-10-28,AAPL,2012Q3,2012-09-29,0.353,0.4387,0.0545,0.0,18.7,6.6,13.31,0.0535
2016-10-26,AAPL,2013Q3,2013-09-28,0.2998,0.3762,0.0608,0.0819,20.22,6.06,13.71,0.0495
2017-11-03,AAPL,2014Q3,2014-09-27,0.3542,0.3859,0.0478,0.125,26.57,9.41,17.93,0.0376
2018-11-05,AAPL,2015Q3,2015-09-26,0.4474,0.4006,0.0604,0.1837,21.72,9.72,14.82,0.046
2019-10-31,AAPL,2016Q3,2016-09-24,0.3562,0.3908,0.0393,0.2345,29.79,10.61,20.07,0.0336
2019-10-31,AAPL,2017Q4,2017-12-30,0.1431,0.3841,0.02,0.2555,63.39,9.07,46.46,0.0158
2019-10-31,AAPL,2018Q1,2018-03-31,0.1089,-0.5064,0.0289,0.2758,91.23,9.94,27.64,0.011
2019-10-31,AAPL,2018Q2,2018-06-30,0.1002,-1.3456,0.0383,0.2781,108.12,10.83,20.83,0.0092
2020-10-30,AAPL,2017Q3,2017-09-30,0.3607,0.3847,0.0912,0.259,11.75,4.24,9.02,0.0851
2020-10-30,AAPL,2018Q4,2018-12-29,0.1693,0.3799,0.0453,0.2488,25.82,4.37,21.08,0.0387
2020-10-30,AAPL,2019Q1,2019-03-30,0.1092,-0.525,0.0627,0.2637,44.3,4.84,13.02,0.0226
2020-10-30,AAPL,2019Q2,2019-06-29,0.1041,-1.2683,0.0823,0.2636,50.51,5.26,9.36,0.0198
2021-04-29,AAPL,2019Q4,2019-12-28,0.2484,0.3835,0.0121,0.2733,106.01,26.33,84.86,0.0094
2021-07-28,AAPL,2020Q1,2020-03-28,0.427,0.3836,0.0157,0.278,75.99,32.44,58.84,0.0132
2021-07-28,AAPL,2020Q2,2020-06-27,0.6189,0.3826,0.0216,0.2964,56.55,35.0,43.25,0.0177
2021-10-29,AAPL,2018Q3,2018-09-29,0.5556,0.3834,0.0216,0.2563,49.88,27.71,37.13,0.02
2022-04-29,AAPL,2020Q4,2020-12-26,0.4342,0.3978,0.0132,0.2804,92.85,40.32,75.45,0.0108
2022-07-29,AAPL,2021Q1,2021-03-27,0.7572,0.4099,0.0208,0.3222,52.25,39.57,42.2,0.0191
2022-07-29,AAPL,2021Q2,2021-06-26,1.1532,0.4166,0.0279,0.3206,36.77,42.4,29.92,0.0272
2022-10-28,AAPL,2019Q3,2019-09-28,0.6106,0.3782,0.0205,0.2712,52.06,31.79,38.16,0.0192
2023-05-05,AAPL,2021Q4,2021-12-25,0.4814,0.4376,0.0155,0.309,82.16,39.55,66.18,0.0122
2023-08-04,AAPL,2022Q1,2022-03-26,0.8849,0.4376,0.0235,0.3222,49.85,44.11,39.75,0.0201
2023-08-04,AAPL,2022Q2,2022-06-25,1.361,0.4362,0.0306,0.3232,37.46,50.98,29.6,0.0267
2023-11-03,AAPL,2020Q3,2020-09-26,0.8787,0.3823,0.0239,0.3046,53.39,46.91,40.39,0.0187
2014-02-26,AMT,2010Q4,2010-12-31,0.1064,0.3798,0.0037,0.5388,86.95,9.25,34.69,0.0115
2015-02-24,AMT,2011Q4,2011-12-31,0.1163,0.3616,-0.0308,0.5911,94.47,10.98,34.83,0.0106
2016-02-26,AMT,2012Q4,2012-12-31,0.173,0.3736,-0.0164,0.6213,55.76,9.64,28.67,0.0179
2017-02-27,AMT,2013Q4,2013-12-31,0.1536,0.3468,-0.0639,0.7163,81.21,12.47,34.72,0.0123
2018-02-28,AMT,2014Q4,2014-12-31,0.2035,0.3478,0.021,0.6416,66.88,13.61,33.52,0.015
2019-02-27,AMT,2015Q4,2015-12-31,0.1021,0.3251,0.0198,0.6344,105.9,10.81,39.21,0.0094
2020-02-25,AMT,2016Q4,2016-12-31,0.1371,0.3203,0.0193,0.5925,109.42,15.0,46.71,0.0091
2020-02-25,AMT,2018Q1,2018-03-31,0.0411,0.9928,0.0011,0.5402,375.53,15.43,199.39,0.0027
2020-02-25,AMT,2018Q2,2018-06-30,0.0501,0.9856,0.0037,0.5518,351.78,17.61,126.4,0.0028
2020-02-25,AMT,2018Q3,2018-09-30,0.0619,0.978,0.0097,0.557,294.64,18.23,101.69,0.0034
2020-07-30,AMT,2019Q1,2019-03-31,0.0674,0.9943,0.006,0.4908,291.52,19.63,159.73,0.0034
2020-10-29,AMT,2019Q2,2019-06-30,0.1368,0.3507,0.0165,0.4764,123.82,16.93,68.37,0.0081
2020-10-29,AMT,2019Q3,2019-09-30,0.2287,0.3584,0.0202,0.4844,77.29,17.67,44.41,0.0129
2021-02-25,AMT,2017Q4,2017-12-31,0.1814,0.9948,0.0221,0.585,77.68,14.09,40.48,0.0129
2022-02-25,AMT,2018Q4,2018-12-31,0.2096,0.256,0.0276,0.5576,83.08,17.41,42.97,0.012
2022-07-28,AMT,2021Q1,2021-03-31,0.1487,0.3839,0.0064,0.5963,185.31,27.55,107.76,0.0054
2022-10-27,AMT,2021Q2,2021-06-30,0.2039,0.3764,0.0162,0.5586,63.91,13.03,43.53,0.0156
2022-10-27,AMT,2021Q3,2021-09-30,0.2231,0.3625,0.0361,0.5194,42.3,9.44,28.04,0.0236
2023-02-23,AMT,2019Q4,2019-12-31,0.3438,0.3547,0.0309,0.0,47.32,16.27,24.42,0.0211
2023-07-27,AMT,2022Q1,2022-03-31,0.0769,0.2726,0.0031,0.5469,123.79,9.52,80.68,0.0081
2023-10-26,AMT,2022Q2,2022-06-30,0.1501,0.2826,0.0103,0.5467,49.73,7.46,36.59,0.0201
2023-10-26,AMT,2022Q3,2022-09-30,0.1989,0.2698,0.0161,0.5309,32.88,6.54,24.2,0.0304
2014-01-31,AMZN,2010Q4,2010-12-31,0.1678,0.2235,0.0157,0.0098,139.18,23.36,80.05,0.0072
2015-01-30,AMZN,2011Q4,2011-12-31,0.0813,0.2244,0.013,0.0152,254.52,20.7,82.13,0.0039
2015-04-24,AMZN,2013Q1,2013-03-31,0.0097,0.2657,0.0009,0.131,2469.76,24.02,78.11,0.0004
2015-07-24,AMZN,2013Q2,2013-06-30,-0.0008,-0.4652,0.0011,0.1269,-34487.93,27.64,87.74,-0.0
2015-10-23,AMZN,2013Q3,2013-09-30,-0.0045,-1.0697,0.0014,0.1176,-6676.99,30.13,93.45,-0.0001
2016-01-29,AMZN,2012Q4,2012-12-31,-0.0048,0.2475,0.0015,0.1134,-6818.23,32.46,112.29,-0.0001
2016-04-29,AMZN,2014Q1,2014-03-31,0.0105,0.288,0.0049,0.1087,2809.36,29.38,81.5,0.0004
2016-07-29,AMZN,2014Q2,2014-06-30,-0.0119,-0.4195,0.003,0.1055,-2776.28,32.99,89.4,-0.0004
2016-10-28,AMZN,2014Q3,2014-09-30,-0.0423,-1.0448,0.003,0.0985,-822.51,34.78,94.63,-0.0012
2017-02-10,AMZN,2013Q4,2013-12-31,0.0281,0.2723,0.0054,0.0988,1380.11,38.8,116.52,0.0007
2017-04-28,AMZN,2015Q1,2015-03-31,-0.0052,0.3223,0.0073,0.1943,-7545.97,39.56,79.31,-0.0001
2017-07-28,AMZN,2015Q2,2015-06-30,0.0078,-0.3179,0.0092,0.1831,5177.81,40.48,79.01,0.0002
2017-10-27,AMZN,2015Q3,2015-09-30,0.0064,-0.8657,0.0105,0.1681,6522.08,41.45,81.4,0.0002
2018-02-02,AMZN,2014Q4,2014-12-31,-0.0224,0.2948,0.003,0.1813,-2741.23,61.51,172.89,-0.0004
2018-04-27,AMZN,2016Q1,2016-03-31,0.0348,0.3523,0.009,0.1375,1443.87,50.2,94.97,0.0007
2018-07-27,AMZN,2016Q2,2016-06-30,0.0518,-0.2514,0.0089,0.1283,1003.0,51.98,102.12,0.001
2018-10-26,AMZN,2016Q3,2016-09-30,0.0142,-0.8129,0.0115,0.1177,3090.05,43.79,94.87,0.0003
2019-02-01,AMZN,2015Q4,2015-12-31,0.0445,0.3304,0.0098,0.1322,1274.24,56.74,88.31,0.0008
2019-04-26,AMZN,2017Q1,2017-03-31,0.0334,0.3717,0.0109,0.109,1285.15,42.93,94.86,0.0008
2019-10-25,AMZN,2017Q3,2017-09-30,0.0104,-0.6788,0.0074,0.2242,3309.37,34.36,80.86,0.0003
2020-01-31,AMZN,2016Q4,2016-12-31,0.1229,0.3509,0.0099,0.106,401.57,49.37,76.49,0.0025
2020-07-31,AMZN,2018Q1,2018-03-31,0.0518,0.3978,0.0035,0.1962,940.27,48.68,104.71,0.0011
2020-07-31,AMZN,2018Q2,2018-06-30,0.0724,-0.1604,0.0057,0.1847,606.96,43.95,92.38,0.0016
2020-10-30,AMZN,2018Q3,2018-09-30,0.0737,-0.668,0.009,0.1728,513.92,37.87,81.17,0.0019
2021-02-03,AMZN,2017Q4,2017-12-31,0.1095,0.3707,0.004,0.1899,524.24,57.38,102.23,0.0019
2021-04-30,AMZN,2019Q1,2019-03-31,0.0736,0.4318,0.0122,0.1405,478.1,35.17,81.36,0.0021
2021-07-30,AMZN,2019Q2,2019-06-30,0.0495,-0.1081,0.0135,0.131,624.95,30.92,77.55,0.0016
2021-10-29,AMZN,2019Q3,2019-09-30,0.0378,-0.5941,0.012,0.1276,782.26,29.54,72.54,0.0013
2022-02-04,AMZN,2018Q4,2018-12-31,0.2313,0.4025,0.0113,0.1535,152.43,35.26,55.05,0.0066
2022-04-29,AMZN,2020Q1,2020-03-31,0.1618,0.4134,0.0156,0.1123,117.19,18.96,46.99,0.0085
2022-07-29,AMZN,2020Q2,2020-06-30,0.1788,0.4104,0.4003,0.1335,5.11,0.91,1.96,0.1957
2022-10-28,AMZN,2020Q3,2020-09-30,0.2099,0.4088,0.477,0.118,2.98,0.62,1.38,0.3361
2023-02-03,AMZN,2019Q4,2019-12-31,0.1867,0.4099,0.4239,0.1102,4.41,0.82,1.09,0.2269
2023-04-28,AMZN,2021Q1,2021-03-31,0.2604,0.425,0.4099,0.1028,1.98,0.51,1.44,0.5062
2023-08-04,AMZN,2021Q2,2021-06-30,0.2564,0.4288,0.005,0.1437,47.83,12.27,30.68,0.0209
2023-10-27,AMZN,2021Q3,2021-09-30,0.2178,0.4299,-0.0018,0.1343,49.14,10.7,24.5,0.0204
2014-11-24,APD,2011Q3,2011-09-30,0.2061,0.2662,0.0132,0.2799,24.85,5.12,14.52,0.0402
2014-11-24,APD,2012Q4,2012-12-31,0.0431,0.2585,-0.0026,0.2936,109.23,4.71,59.16,0.0092
2014-11-24,APD,2013Q1,2013-03-31,0.0446,-0.4949,-0.0036,0.2697,104.28,4.65,41.38,0.0096
2014-11-24,APD,2013Q2,2013-06-30,0.0431,-1.1942,-0.0021,0.2657,105.05,4.53,32.65,0.0095
2015-11-24,APD,2012Q3,2012-09-30,0.1762,0.2663,0.0082,0.275,25.39,4.47,15.94,0.0394
2015-11-24,APD,2013Q4,2013-12-31,0.0391,0.267,0.0053,0.2803,101.79,3.98,55.14,0.0098
2015-11-24,APD,2014Q1,2014-03-31,0.0377,-0.4654,0.0075,0.278,104.34,3.93,40.35,0.0096
2015-11-24,APD,2014Q2,2014-06-30,0.04,-1.1644,0.0108,0.2703,94.34,3.77,30.68,0.0106
2017-06-05,APD,2013Q3,2013-09-30,0.1381,0.266,0.0009,0.3117,30.79,4.25,16.01,0.0325
2017-06-05,APD,2014Q4,2014-12-31,0.0433,0.1029,0.0013,0.2694,95.66,4.14,63.58,0.0105
2017-06-05,APD,2015Q1,2015-03-31,0.0388,-0.8713,0.0115,0.2579,107.22,4.16,49.43,0.0093
2017-06-05,APD,2015Q2,2015-06-30,0.0412,-1.7105,0.0233,0.2654,97.67,4.03,35.74,0.0102
2017-11-16,APD,2014Q3,2014-09-30,0.1319,0.2596,0.0163,0.2771,34.71,4.58,21.68,0.0288
2017-11-16,APD,2015Q4,2015-12-31,0.0485,0.3056,0.0043,0.2242,95.66,4.64,65.43,0.0105
2017-11-16,APD,2016Q1,2016-03-31,-0.0671,-0.4116,0.012,0.2126,-73.52,4.93,47.59,-0.0136
2017-11-16,APD,2016Q2,2016-06-30,0.0483,-1.0001,0.0236,0.2298,100.44,4.85,36.96,0.01
2018-11-20,APD,2015Q3,2015-09-30,0.1731,0.2845,0.0261,0.2519,26.55,4.6,18.22,0.0377
2018-11-20,APD,2016Q4,2016-12-31,0.0413,0.3006,0.0098,0.2061,114.41,4.72,69.11,0.0087
2018-11-20,APD,2017Q1,2017-03-31,0.2261,-0.3739,0.0096,0.1847,16.11,3.64,43.94,0.0621
2018-11-20,APD,2017Q2,2017-06-30,0.0107,-0.9824,0.0235,0.1886,336.92,3.61,39.58,0.003
2019-11-26,APD,2016Q3,2016-09-30,0.0875,0.31,0.0265,0.2169,80.73,7.06,22.41,0.0124
2019-11-26,APD,2017Q4,2017-12-31,0.015,0.2909,0.0059,0.1875,331.89,4.97,75.52,0.003
2019-11-26,APD,2018Q1,2018-03-31,0.0389,-0.428,0.0104,0.186,123.5,4.81,56.11,0.0081
2019-11-26,APD,2018Q2,2018-06-30,0.0438,-1.0468,0.0136,0.1758,108.57,4.76,42.17,0.0092
2020-11-19,APD,2017Q3,2017-09-30,0.2946,0.2975,0.0252,0.1842,19.67,5.8,25.66,0.0508
2020-11-19,APD,2018Q4,2018-10-01,0.031,0.3058,0.0042,0.1538,171.09,5.31,83.61,0.0058
2020-11-19,APD,2019Q1,2019-03-31,0.0366,-0.3799,0.0054,0.1524,141.31,5.18,57.62,0.0071
2020-11-19,APD,2019Q2,2019-06-30,0.0416,-1.0165,0.0083,0.1511,122.22,5.09,44.08,0.0082
2021-05-10,APD,2019Q4,2019-12-31,0.0399,0.3407,0.0034,0.1495,136.33,5.44,76.89,0.0073
2021-08-09,APD,2020Q1,2020-03-31,0.0813,0.3409,0.0051,0.1498,63.92,5.2,35.8,0.0156
2021-08-09,APD,2020Q2,2020-06-30,0.1164,0.3434,-0.0005,0.2854,43.55,5.07,25.13,0.023
2021-11-18,APD,2018Q3,2018-09-30,0.134,0.3069,0.0151,0.1547,43.42,5.82,22.21,0.023
2022-05-05,APD,2020Q4,2020-12-31,0.0369,0.3127,0.0021,0.2599,108.44,4.0,61.73,0.0092
2022-08-04,APD,2021Q1,2021-03-31,0.0727,0.3074,0.0062,0.2601,59.8,4.35,33.4,0.0167
2022-08-04,APD,2021Q2,2021-06-30,0.1103,0.3077,0.0116,0.2625,38.36,4.23,22.5,0.0261
2022-11-22,APD,2019Q3,2019-09-30,0.1545,0.33,0.0144,0.1535,38.72,5.98,21.32,0.0258
2023-05-09,APD,2021Q4,2021-12-31,0.039,0.2574,0.002,0.2541,110.85,4.32,77.23,0.009
2023-08-03,APD,2022Q1,2022-03-31,0.0752,0.2633,-0.0021,0.2354,57.35,4.31,38.03,0.0174
2023-08-03,APD,2022Q2,2022-06-30,0.1177,0.2641,0.0012,0.2309,37.4,4.4,24.27,0.0267
2023-11-16,APD,2020Q3,2020-09-30,0.1516,0.3385,0.0125,0.2834,32.05,4.86,18.22,0.0312
2019-10-28,BAC,2018Q3,2018-09-30,0.0796,0.7287,0.1649,0.1001,15.53,1.24,13.61,0.0644
2020-07-31,BAC,2019Q1,2019-03-31,0.0274,0.6811,0.0624,0.0984,33.1,0.91,33.13,0.0302
2020-10-30,BAC,2019Q2,2019-06-30,0.054,0.6749,0.0367,0.0993,15.56,0.84,15.86,0.0643
2020-10-30,BAC,2019Q3,2019-09-30,0.0761,0.6767,0.0119,0.1003,11.04,0.84,12.05,0.0906
2021-02-24,BAC,2017Q4,2017-12-31,0.0682,0.7857,0.0266,0.0997,20.34,1.39,14.08,0.0492
2021-07-30,BAC,2020Q1,2020-03-31,0.0151,0.7535,0.0563,0.098,84.33,1.28,69.41,0.0119
2021-10-29,BAC,2020Q2,2020-06-30,0.0284,0.8024,0.0382,0.0954,55.6,1.58,42.53,0.018
2021-10-29,BAC,2020Q3,2020-09-30,0.0462,0.8251,-0.0397,0.0934,33.7,1.56,26.24,0.0297
2022-02-22,BAC,2018Q4,2018-12-31,0.1061,0.7213,0.0859,0.0974,16.34,1.73,13.97,0.0612
2022-07-29,BAC,2021Q1,2021-03-31,0.0294,0.8949,-0.1779,0.0846,36.54,1.07,22.78,0.0274
2022-10-28,BAC,2021Q2,2021-06-30,0.0623,0.8968,-0.1967,0.0906,18.14,1.13,18.08,0.0551
2022-10-28,BAC,2021Q3,2021-09-30,0.0916,0.8977,-0.1669,0.0903,12.44,1.14,11.22,0.0804
2023-02-22,BAC,2019Q4,2019-12-31,0.1036,0.6863,0.1919,0.099,11.74,1.22,11.64,0.0852
2023-07-31,BAC,2022Q1,2022-03-31,0.0265,0.8975,-0.1745,0.0861,36.84,0.98,31.67,0.0271
2023-10-31,BAC,2022Q2,2022-06-30,0.0495,0.8617,-0.2357,0.0886,16.08,0.8,18.52,0.0622
2023-10-31,BAC,2022Q3,2022-09-30,0.0757,0.7956,-0.1745,0.0876,10.49,0.79,11.33,0.0953
2014-02-21,CVX,2010Q4,2010-12-31,0.1798,0.1564,0.0522,0.0305,11.83,2.13,4.8,0.0845
2014-05-02,CVX,2013Q1,2013-03-31,0.0437,0.181,-0.0103,0.0504,38.94,1.7,17.09,0.0257
2014-08-06,CVX,2013Q2,2013-06-30,0.0801,0.1653,-0.0105,0.0736,20.97,1.68,9.29,0.0477
2014-11-07,CVX,2013Q3,2013-09-30,0.1129,0.1604,-0.008,0.0725,13.84,1.56,5.99,0.0723
2015-02-20,CVX,2011Q4,2011-12-31,0.2201,0.1878,0.0677,0.0196,8.02,1.77,3.37,0.1247
2015-05-07,CVX,2014Q1,2014-03-31,0.0297,0.1488,-0.0006,0.0773,45.18,1.34,17.27,0.0221
2015-08-05,CVX,2014Q2,2014-06-30,0.0658,0.1525,-0.0074,0.0473,15.62,1.03,6.31,0.064
2015-11-06,CVX,2014Q3,2014-09-30,0.1002,0.1556,-0.0043,0.0467,11.26,1.13,4.66,0.0888
2016-02-25,CVX,2012Q4,2012-12-31,0.1899,0.1915,0.0473,0.0261,6.35,1.21,2.54,0.1574
2016-05-05,CVX,2015Q1,2015-03-31,0.0164,0.0841,-0.0279,0.0842,73.75,1.21,27.25,0.0136
2016-08-04,CVX,2015Q2,2015-06-30,0.0201,0.057,-0.0304,0.0811,59.73,1.2,12.59,0.0167
2016-11-03,CVX,2015Q3,2015-09-30,0.0332,0.0646,-0.0364,0.0808,38.03,1.26,9.06,0.0263
2017-02-23,CVX,2013Q4,2013-12-31,0.1424,0.1569,-0.014,0.0471,9.93,1.41,4.16,0.1007
2017-05-04,CVX,2016Q1,2016-03-31,-0.0048,-0.0726,-0.0226,0.1237,-270.3,1.29,81.74,-0.0037
2017-08-03,CVX,2016Q2,2016-06-30,-0.0148,-0.0716,-0.0311,0.151,-93.27,1.38,32.07,-0.0107
2017-11-02,CVX,2016Q3,2016-09-30,-0.0062,-0.0322,-0.0237,0.1519,-236.71,1.46,19.71,-0.0042
2018-02-22,CVX,2014Q4,2014-12-31,0.1232,0.1472,-0.019,0.06,10.76,1.33,4.38,0.0929
2018-05-03,CVX,2017Q1,2017-03-31,0.0181,0.0936,0.002,0.1423,88.3,1.6,36.42,0.0113
2018-08-02,CVX,2017Q2,2017-06-30,0.028,0.4723,0.0095,0.1335,56.31,1.58,17.96,0.0178
2018-11-08,CVX,2017Q3,2017-09-30,0.0411,0.4755,0.02,0.1332,36.9,1.52,11.27,0.0271
2019-02-22,CVX,2015Q4,2015-12-31,0.0298,0.035,-0.0451,0.1023,48.62,1.45,9.24,0.0206
2019-08-07,CVX,2018Q1,2018-03-31,0.024,0.4377,0.0091,0.1211,62.07,1.49,26.75,0.0161
2019-11-07,CVX,2018Q2,2018-06-30,0.0459,0.4253,0.0245,0.1155,32.83,1.51,13.51,0.0305
2019-11-07,CVX,2018Q3,2018-09-30,0.0717,0.4301,0.0504,0.1163,20.86,1.5,8.43,0.0479
2020-02-21,CVX,2016Q4,2016-12-31,-0.0034,0.4818,-0.0265,0.1249,-410.82,1.39,13.2,-0.0024
2021-02-25,CVX,2017Q4,2017-12-31,0.0616,0.4654,0.036,0.1191,20.96,1.29,7.6,0.0477
2022-02-24,CVX,2018Q4,2018-12-31,0.0952,0.4314,0.0657,0.1132,17.27,1.64,6.86,0.0579
2023-02-23,CVX,2019Q4,2019-12-31,0.0201,0.4532,0.0433,0.0998,104.22,2.1,9.25,0.0096
2014-02-28,DUK,2010Q4,2010-12-31,0.0583,0.1617,-0.0093,0.287,23.79,1.39,10.48,0.042
2014-02-28,DUK,2012Q1,2012-03-31,0.0129,0.1355,-0.0037,0.2926,107.16,1.38,46.8,0.0093
2014-02-28,DUK,2012Q2,2012-06-30,0.0197,-0.6587,-0.0079,0.2783,71.2,1.4,25.56,0.014
2014-02-28,DUK,2012Q3,2012-09-30,0.0145,-0.7243,0.0027,0.3142,84.01,1.22,28.32,0.0119
2015-03-02,DUK,2011Q4,2011-12-31,0.0746,0.1906,-0.0202,0.2836,20.1,1.5,10.39,0.0497
2015-03-02,DUK,2013Q1,2013-03-31,0.0155,0.2057,-0.0052,0.3087,85.81,1.33,43.64,0.0117
2015-03-02,DUK,2013Q2,2013-06-30,0.0084,-0.8068,0.0024,0.3469,160.26,1.35,40.39,0.0062
2015-03-02,DUK,2013Q3,2013-09-30,0.0243,-1.167,0.0209,0.3465,54.19,1.32,22.84,0.0185
2016-02-25,DUK,2012Q4,2012-12-31,0.0432,0.2351,-0.0059,0.3536,24.82,1.07,14.87,0.0403
2016-02-25,DUK,2014Q1,2014-03-31,-0.0024,0.2173,0.0026,0.3505,-556.36,1.32,41.1,-0.0018
2016-02-25,DUK,2014Q2,2014-06-30,0.0149,-0.634,0.0041,0.3525,88.74,1.32,30.5,0.0113
2016-02-25,DUK,2014Q3,2014-09-30,0.0307,-1.2059,0.0261,0.3331,42.42,1.3,21.59,0.0236
2017-02-24,DUK,2013Q4,2013-12-31,0.0644,0.214,0.0148,0.3507,21.71,1.4,12.08,0.0461
2017-02-24,DUK,2015Q1,2015-03-31,0.021,0.2018,0.0005,0.3273,67.16,1.41,41.87,0.0149
2017-02-24,DUK,2015Q2,2015-06-30,0.0137,-0.6935,-0.0032,0.3303,105.66,1.45,32.12,0.0095
2017-02-24,DUK,2015Q3,2015-09-30,0.0234,-1.2215,0.0132,0.3322,61.21,1.43,22.37,0.0163
2018-02-23,DUK,2014Q4,2014-12-31,0.046,0.2147,0.022,0.3307,28.99,1.33,11.26,0.0345
2018-02-23,DUK,2016Q1,2016-03-31,0.0174,0.2293,0.0007,0.3141,76.66,1.33,41.96,0.013
2018-02-23,DUK,2016Q2,2016-06-30,0.0127,-0.555,-0.0032,0.3256,104.53,1.33,29.69,0.0096
2018-02-23,DUK,2016Q3,2016-09-30,0.029,-0.9364,0.0067,0.339,45.24,1.31,19.05,0.0221
2019-02-28,DUK,2015Q4,2015-12-31,-2816.0,0.2256,-0.0011,0.3041,22.1,-62224.04,11.34,0.0453
2019-02-28,DUK,2017Q1,2017-03-31,0.0174,0.2428,-0.0146,0.3506,87.66,1.52,45.45,0.0114
2019-02-28,DUK,2017Q2,2017-06-30,0.0166,-0.5386,-0.018,0.341,91.49,1.52,32.77,0.0109
2019-02-28,DUK,2017Q3,2017-09-30,0.0229,-1.0633,-0.0138,0.3589,65.79,1.51,23.92,0.0152
2020-02-20,DUK,2016Q4,2016-12-31,0.0524,0.7087,-0.0148,0.3433,32.57,1.71,12.68,0.0307
2020-02-20,DUK,2018Q1,2018-03-31,0.0148,0.221,-0.0098,0.3539,114.68,1.7,50.98,0.0087
2020-02-20,DUK,2018Q2,2018-06-30,0.0118,-0.6739,-0.0151,0.3555,142.41,1.67,37.36,0.007
2020-02-20,DUK,2018Q3,2018-09-30,0.0252,-1.1884,-0.0152,0.3528,66.09,1.66,24.19,0.0151
2020-08-10,DUK,2019Q1,2019-03-31,0.02,0.2233,-0.021,0.3552,68.47,1.37,43.95,0.0146
2020-11-05,DUK,2019Q2,2019-06-30,0.0382,0.2219,-0.0351,0.3541,39.6,1.51,23.76,0.0253
2020-11-05,DUK,2019Q3,2019-09-30,0.0648,0.2424,-0.0357,0.3516,22.31,1.45,14.57,0.0448
2021-02-25,DUK,2017Q4,2017-12-31,0.0733,0.7305,-0.0234,0.3555,19.94,1.46,11.32,0.0502
2021-08-05,DUK,2020Q1,2020-03-31,0.0195,0.25,-0.0161,0.3518,84.46,1.65,47.99,0.0118
2021-11-04,DUK,2020Q2,2020-06-30,0.0029,0.2337,-0.0235,0.3508,545.21,1.59,24.39,0.0018
2021-11-04,DUK,2020Q3,2020-09-30,0.0304,0.247,-0.0086,0.3472,51.56,1.57,15.15,0.0194
2022-02-24,DUK,2018Q4,2018-12-31,0.0608,0.1947,-0.0321,0.3516,25.77,1.57,12.71,0.0388
2023-02-27,DUK,2019Q4,2019-12-31,0.0782,0.2278,-0.0417,0.3462,18.64,1.46,11.42,0.0537
2023-02-27,DUK,2021Q1,2021-03-31,0.02,0.2208,-0.0017,0.335,74.27,1.48,44.81,0.0135
2023-02-27,DUK,2021Q2,2021-06-30,0.0355,-0.6479,-0.0104,0.3471,41.93,1.49,33.04,0.0238
2023-02-27,DUK,2021Q3,2021-09-30,0.0617,-1.1311,0.0019,0.3469,23.3,1.44,22.12,0.0429
2014-02-28,ECL,2010Q4,2010-12-31,0.2486,0.5051,0.0274,0.1736,47.42,11.79,22.3,0.0211
2014-02-28,ECL,2012Q1,2012-03-31,0.0087,0.4258,-0.0004,0.2913,631.97,5.48,127.86,0.0016
2014-02-28,ECL,2012Q2,2012-06-30,0.0417,0.4562,-0.0014,0.2963,134.3,5.59,64.53,0.0074
2023-02-24,ECL,2021Q1,2021-03-31,0.0306,0.4066,0.0043,0.3672,234.27,7.18,113.5,0.0043
2023-02-24,ECL,2021Q2,2021-06-30,0.0749,0.417,0.0122,0.362,89.92,6.73,67.39,0.0111
2023-02-24,ECL,2021Q3,2021-09-30,0.1191,0.3927,0.022,0.3309,54.79,6.52,54.9,0.0183
2014-03-27,HD,2011Q1,2011-01-30,0.1767,0.3427,0.0269,0.217,38.85,6.86,18.24,0.0257
2014-03-27,HD,2012Q2,2012-04-29,0.0576,0.3472,0.0189,0.2492,115.7,6.66,59.96,0.0086
2014-03-27,HD,2012Q3,2012-07-29,0.0869,-0.2236,0.0312,0.2566,77.7,6.75,24.82,0.0129
2014-03-27,HD,2012Q4,2012-10-28,0.0534,-1.0426,0.038,0.2587,125.04,6.68,17.41,0.008
2015-08-25,HD,2012Q1,2012-01-29,0.217,0.3447,0.0313,0.2655,44.64,9.68,21.83,0.0224
2015-08-25,HD,2013Q2,2013-05-05,0.0748,0.3492,0.0148,0.2593,132.87,9.94,67.23,0.0075
2015-08-25,HD,2013Q3,2013-08-04,0.116,-0.2098,0.0256,0.2714,89.77,10.41,28.25,0.0111
2015-08-25,HD,2013Q4,2013-11-03,0.095,-1.0502,0.0314,0.3353,118.12,11.23,19.42,0.0085
2016-03-24,HD,2013Q1,2013-02-03,0.2551,0.3397,0.029,0.2306,43.12,11.0,21.43,0.0232
2016-03-24,HD,2014Q2,2014-05-04,0.1135,0.3432,0.0128,0.345,129.32,14.68,69.95,0.0077
2016-03-24,HD,2014Q3,2014-08-03,0.1789,-0.2068,0.0263,0.3841,86.42,15.46,28.64,0.0116
2016-03-24,HD,2014Q4,2014-11-02,0.152,-1.0573,0.0298,0.4021,114.42,17.39,19.78,0.0087
2017-03-23,HD,2014Q1,2014-02-02,0.43,0.3415,0.0296,0.3626,39.16,16.84,20.47,0.0255
2017-03-23,HD,2015Q2,2015-05-03,0.1716,0.3436,0.016,0.3251,121.65,20.87,66.56,0.0082
2017-03-23,HD,2015Q3,2015-08-02,0.2587,-0.2154,0.0274,0.3726,85.52,22.12,28.28,0.0117
2017-03-23,HD,2015Q4,2015-11-01,0.2264,-1.0363,0.0331,0.4035,110.16,24.94,19.3,0.0091
2018-03-22,HD,2016Q1,2016-01-31,1.1097,0.3419,0.0359,0.4953,31.31,34.75,17.46,0.0319
2018-03-22,HD,2016Q2,2016-05-01,0.2846,0.3423,0.0151,0.469,121.23,34.5,66.3,0.0082
2018-03-22,HD,2016Q3,2016-07-31,0.3667,-0.2283,0.0284,0.4723,89.19,32.7,28.76,0.0112
2018-03-22,HD,2016Q4,2016-10-30,0.3502,-1.057,0.0313,0.502,110.03,38.54,19.66,0.0091
2019-03-28,HD,2015Q1,2015-02-01,0.6806,0.3413,0.0267,0.4223,40.08,27.28,21.95,0.025
2019-03-28,HD,2017Q2,2017-04-30,0.5083,0.3414,0.018,0.4982,113.05,57.47,63.96,0.0088
2019-03-28,HD,2017Q3,2017-07-30,0.7518,-0.2231,0.031,0.5314,84.72,63.69,28.01,0.0118
2019-03-28,HD,2017Q4,2017-10-29,0.8514,-1.0282,0.0373,0.539,103.94,88.49,18.87,0.0096
2020-03-25,HD,2017Q1,2017-01-29,1.8364,0.3416,0.0373,0.5202,27.48,50.46,15.48,0.0364
2020-03-25,HD,2018Q2,2018-04-29,1.425,0.3454,0.0163,0.5197,87.25,124.33,58.88,0.0115
2020-03-25,HD,2018Q3,2018-07-29,1.7451,-0.1958,0.0328,0.5039,59.36,103.59,24.39,0.0168
2020-03-25,HD,2018Q4,2018-10-28,2.172,-1.0371,0.0405,0.5162,71.7,155.74,16.51,0.0139
2020-05-27,HD,2019Q2,2019-05-05,-1.1727,0.3418,0.0148,0.5203,108.37,-127.09,71.73,0.0092
2020-08-25,HD,2019Q3,2019-08-04,-5.1655,0.3399,0.0233,0.5204,52.34,-270.34,35.22,0.0191
2020-11-24,HD,2019Q4,2019-11-03,-8.097,0.3415,0.0299,0.5085,34.0,-275.33,22.79,0.0294
2021-03-24,HD,2018Q1,2018-01-28,5.9354,0.3405,0.0299,0.545,39.28,233.15,21.48,0.0255
2021-05-25,HD,2020Q2,2020-05-03,-0.6433,0.3406,0.0151,0.5384,151.81,-97.66,93.68,0.0066
2021-08-24,HD,2020Q3,2020-08-02,-15.8865,0.3403,0.0395,0.511,53.15,-844.43,34.82,0.0188
2021-11-23,HD,2020Q4,2020-11-01,6.5205,0.3407,0.0362,0.4906,43.9,286.26,28.51,0.0228
2022-03-23,HD,2019Q1,2019-02-03,-5.9217,0.3434,0.0306,0.6092,31.5,-186.55,21.23,0.0317
2022-05-24,HD,2021Q2,2021-05-02,2.3713,0.3398,0.0189,0.4781,73.98,175.42,51.62,0.0135
2022-08-23,HD,2021Q3,2021-08-01,4.3267,0.3359,0.0275,0.4768,36.2,156.64,25.54,0.0276
2022-11-22,HD,2021Q4,2021-10-31,12.6386,0.3376,0.0343,0.5027,25.98,328.33,18.26,0.0385
2023-03-15,HD,2020Q1,2020-02-02,-3.6078,0.3409,0.0355,0.5596,27.59,-99.53,18.56,0.0362
2023-05-23,HD,2022Q2,2022-05-01,-2.4757,0.3378,0.0102,0.5114,71.73,-177.59,51.05,0.0139
2023-08-22,HD,2022Q3,2022-07-31,39.6793,0.3341,0.0173,0.5179,35.33,1401.97,25.34,0.0283
2023-11-21,HD,2022Q4,2022-10-30,10.5878,0.336,0.0251,0.543,22.66,239.94,16.31,0.0441
2014-02-14,HON,2010Q4,2010-12-31,0.1874,0.2358,0.048,0.1659,36.64,6.87,21.05,0.0273
2014-02-14,HON,2012Q3,2012-09-30,0.0723,-1.2062,0.0214,0.1708,77.75,5.62,17.91,0.0129
2015-02-13,HON,2011Q4,2011-12-31,0.1896,0.2183,0.0253,0.1732,39.12,7.42,26.03,0.0256
2015-02-13,HON,2013Q1,2013-03-31,0.0719,0.2728,0.0024,0.1534,84.91,6.1,55.63,0.0118
2015-02-13,HON,2013Q2,2013-06-30,0.0741,-0.4247,0.0153,0.152,80.43,5.96,27.23,0.0124
2015-02-13,HON,2013Q3,2013-09-30,0.0662,-1.1511,0.0258,0.1446,82.93,5.49,17.62,0.0121
2016-02-12,HON,2012Q4,2012-12-31,0.224,0.2489,0.0325,0.1677,27.68,6.2,17.37,0.0361
2016-02-12,HON,2014Q1,2014-03-31,0.0567,0.2802,0.0061,0.1501,79.86,4.53,51.56,0.0125
2016-02-12,HON,2014Q2,2014-06-30,0.0588,-0.3911,0.0198,0.1481,73.89,4.34,24.95,0.0135
2016-02-12,HON,2014Q3,2014-09-30,0.0616,-1.1162,0.0318,0.1505,69.57,4.29,16.3,0.0144
2017-02-10,HON,2013Q4,2013-12-31,0.2232,0.2737,0.0355,0.1636,24.34,5.43,15.08,0.0411
2017-02-10,HON,2015Q1,2015-03-31,0.0636,0.3095,0.0027,0.1536,85.58,5.44,55.53,0.0117
2017-02-10,HON,2015Q2,2015-06-30,0.0647,-0.3479,0.0149,0.1486,79.96,5.17,27.08,0.0125
2017-02-10,HON,2015Q3,2015-09-30,0.0712,-1.0633,0.0301,0.1473,75.43,5.37,17.6,0.0133
2018-02-09,HON,2014Q4,2014-12-31,0.2384,0.2816,0.0345,0.1537,27.29,6.51,17.16,0.0366
2018-02-09,HON,2016Q1,2016-03-31,0.0668,0.3124,0.0011,0.205,93.4,6.24,66.09,0.0107
2018-02-09,HON,2016Q2,2016-06-30,0.0703,-0.338,0.0126,0.1998,85.84,6.03,31.6,0.0117
2018-02-09,HON,2016Q3,2016-09-30,0.0646,-1.0676,0.0239,0.1915,91.24,5.9,21.03,0.011
2019-02-08,HON,2015Q4,2015-12-31,0.2589,0.3067,0.0388,0.1243,24.01,6.22,15.42,0.0416
2019-02-08,HON,2017Q1,2017-03-31,0.0653,0.3122,0.0068,0.2273,85.31,5.57,62.32,0.0117
2019-02-08,HON,2017Q2,2017-06-30,0.0681,-0.3448,0.0176,0.2283,81.26,5.53,30.57,0.0123
2019-02-08,HON,2017Q3,2017-09-30,0.0638,-1.0358,0.0282,0.2264,83.98,5.36,20.36,0.0119
2020-02-14,HON,2016Q4,2016-12-31,0.2548,0.2958,0.032,0.2274,28.59,7.28,19.0,0.035
2020-02-14,HON,2018Q1,2018-03-31,0.0846,0.308,0.0074,0.2113,93.85,7.94,67.0,0.0107
2020-02-14,HON,2018Q2,2018-06-30,0.0745,-0.3559,0.0198,0.2111,105.97,7.9,32.43,0.0094
2020-02-14,HON,2018Q3,2018-09-30,0.127,-1.0778,0.0325,0.2305,57.25,7.27,21.87,0.0175
2021-02-12,HON,2017Q4,2017-12-31,0.0927,0.3057,0.0323,0.2341,98.94,9.17,19.8,0.0101
2021-02-12,HON,2019Q1,2019-03-31,0.0747,0.3382,0.0067,0.2151,104.62,7.81,75.87,0.0096
2021-02-12,HON,2019Q2,2019-06-30,0.0853,-0.2954,0.0171,0.2186,95.05,8.11,36.28,0.0105
2021-02-12,HON,2019Q3,2019-09-30,0.0887,-0.9823,0.026,0.2527,89.56,7.95,23.8,0.0112
2021-04-23,HON,2020Q1,2020-03-31,0.0885,0.3461,0.0051,0.2191,99.65,8.82,77.79,0.01
2021-07-23,HON,2020Q2,2020-06-30,0.1449,0.3218,0.0128,0.2918,60.46,8.76,47.78,0.0165
2021-10-22,HON,2020Q3,2020-09-30,0.1868,0.3178,0.0184,0.2942,44.61,8.33,32.87,0.0224
2022-02-11,HON,2018Q4,2018-12-31,0.3685,0.3052,0.0411,0.2186,20.17,7.43,16.25,0.0496
2022-04-29,HON,2021Q1,2021-03-31,0.0782,0.3247,0.0056,0.2794,94.19,7.36,72.18,0.0106
2022-07-28,HON,2021Q2,2021-06-30,0.157,0.3215,0.0141,0.2781,46.02,7.22,35.32,0.0217
2022-10-27,HON,2021Q3,2021-09-30,0.2271,0.3216,0.0204,0.2756,32.88,7.47,24.18,0.0304
2023-02-10,HON,2019Q4,2019-12-31,0.3284,0.337,0.0425,0.2128,23.21,7.62,16.88,0.0431
2023-04-27,HON,2022Q1,2022-03-31,0.0595,0.3644,-0.0011,0.2501,119.22,7.1,73.33,0.0084
2023-07-27,HON,2022Q2,2022-06-30,0.1317,0.3661,0.0037,0.2504,55.25,7.27,35.26,0.0181
2023-10-26,HON,2022Q3,2022-09-30,0.2153,0.3692,0.0201,0.2248,29.99,6.46,20.47,0.0333
2014-02-21,JNJ,2011Q1,2011-01-02,0.2357,0.6949,0.0556,0.089,18.88,4.45,11.71,0.053
2014-02-21,JNJ,2012Q2,2012-04-01,0.0637,0.6955,0.0092,0.112,64.06,4.08,40.09,0.0156
2014-02-21,JNJ,2012Q3,2012-09-30,0.0221,0.0498,0.0407,0.0961,178.56,3.94,53.02,0.0056
2015-02-24,JNJ,2012Q1,2012-01-01,0.1694,0.6869,0.0414,0.1141,28.49,4.83,15.6,0.0351
2015-02-24,JNJ,2013Q1,2013-03-31,0.0523,0.6827,0.006,0.0935,80.35,4.2,52.38,0.0124
2015-02-24,JNJ,2013Q2,2013-06-30,0.055,0.3823,0.0212,0.0776,73.55,4.05,40.22,0.0136
2015-02-24,JNJ,2013Q3,2013-09-29,0.0427,0.0676,0.0393,0.0768,94.74,4.05,41.25,0.0106
2016-02-24,JNJ,2012Q4,2012-12-30,0.1674,0.6778,0.0431,0.0947,26.63,4.46,15.34,0.0376
2016-02-24,JNJ,2014Q1,2014-03-30,0.0617,0.6989,0.0111,0.1001,62.77,3.87,45.1,0.0159
2016-02-24,JNJ,2014Q2,2014-06-29,0.0554,0.4104,0.0269,0.0984,68.58,3.8,38.96,0.0146
2016-02-24,JNJ,2014Q3,2014-09-28,0.062,0.0852,0.0401,0.0996,62.37,3.87,30.42,0.016
2017-02-27,JNJ,2013Q4,2013-12-29,0.1868,0.6867,0.0402,0.1004,24.86,4.64,17.18,0.0402
2017-02-27,JNJ,2015Q1,2015-03-29,0.0636,0.696,0.0068,0.1162,78.84,5.02,53.1,0.0127
2017-02-27,JNJ,2015Q2,2015-06-28,0.0635,0.4019,0.0207,0.1067,75.29,4.78,45.64,0.0133
2017-02-27,JNJ,2015Q3,2015-09-27,0.0469,0.0724,0.0365,0.1056,101.14,4.75,49.75,0.0099
2018-02-21,JNJ,2014Q4,2014-12-28,0.234,0.694,0.041,0.116,22.41,5.24,14.98,0.0446
2018-02-21,JNJ,2016Q2,2016-04-03,0.0614,0.6952,0.0043,0.1485,80.37,4.93,58.94,0.0124
2018-02-21,JNJ,2016Q3,2016-07-03,0.0552,0.423,0.015,0.1755,89.43,4.93,54.27,0.0112
2018-02-21,JNJ,2016Q4,2016-10-02,0.0587,0.0937,0.028,0.1677,83.47,4.9,45.35,0.012
2019-02-20,JNJ,2016Q1,2016-01-03,0.2166,0.6927,0.0426,0.0964,24.53,5.31,16.44,0.0408
2019-02-20,JNJ,2017Q2,2017-04-02,0.0629,0.6955,0.0064,0.1864,83.46,5.25,57.83,0.012
2019-02-20,JNJ,2017Q3,2017-07-02,0.0532,0.4026,0.0202,0.1791,96.17,5.12,56.21,0.0104
2020-02-18,JNJ,2017Q1,2017-01-01,0.2349,0.6969,0.0381,0.1589,24.68,5.8,17.48,0.0405
2020-02-18,JNJ,2018Q2,2018-04-01,0.069,0.6694,0.0074,0.1905,91.6,6.32,57.45,0.0109
2020-02-18,JNJ,2018Q3,2018-09-30,0.0629,0.0336,0.034,0.1893,101.18,6.36,40.67,0.0099
2020-07-24,JNJ,2019Q1,2019-03-31,0.0636,0.6696,0.0073,0.1844,105.13,6.69,65.83,0.0095
2020-10-23,JNJ,2019Q2,2019-06-30,0.1539,0.666,0.0207,0.1786,41.24,6.35,26.74,0.0242
2020-10-23,JNJ,2019Q3,2019-09-29,0.1908,0.6669,0.0384,0.1731,34.64,6.61,21.61,0.0289
2021-02-22,JNJ,2017Q4,2017-12-31,0.0216,0.6672,0.0408,0.195,335.2,7.24,19.24,0.003
2021-07-29,JNJ,2020Q1,2020-03-29,0.0946,0.6587,0.006,0.1638,78.24,7.4,56.12,0.0128
2021-10-29,JNJ,2020Q2,2020-06-28,0.1496,0.6505,0.0129,0.1582,45.52,6.81,31.81,0.022
2021-10-29,JNJ,2020Q3,2020-09-27,0.2013,0.6571,0.0307,0.1915,33.05,6.65,21.97,0.0303
2022-02-17,JNJ,2018Q4,2018-12-30,0.256,0.6679,0.0416,0.181,29.13,7.46,18.26,0.0343
2022-07-29,JNJ,2021Q2,2021-04-04,0.0941,0.6836,0.0074,0.1754,74.11,6.98,51.15,0.0135
2022-10-27,JNJ,2021Q3,2021-07-04,0.1793,0.679,0.0174,0.1718,36.35,6.52,26.34,0.0275
2022-10-27,JNJ,2021Q4,2021-10-03,0.2297,0.6825,0.034,0.1681,28.1,6.45,19.84,0.0356
2023-02-16,JNJ,2019Q4,2019-12-29,0.2542,0.6642,0.0476,0.168,27.68,7.04,17.58,0.0361
2014-02-20,JPM,2010Q4,2010-12-31,0.0986,0.8755,-0.0167,0.1278,12.96,1.28,16.21,0.0771
2014-05-02,JPM,2013Q1,2013-03-31,0.0315,0.9032,0.0941,0.1123,32.5,1.02,43.93,0.0308
2014-08-04,JPM,2013Q2,2013-06-30,0.0622,0.9046,0.411,0.1091,16.53,1.03,22.08,0.0605
2014-11-03,JPM,2013Q3,2013-09-30,0.0612,0.9035,0.4979,0.1069,18.24,1.12,21.03,0.0548
2015-02-24,JPM,2011Q4,2011-12-31,0.1034,0.8601,0.4181,0.1133,12.09,1.25,13.76,0.0827
2015-05-05,JPM,2014Q1,2014-03-31,0.024,0.8306,0.0601,0.1108,46.29,1.11,55.06,0.0216
2015-08-03,JPM,2014Q2,2014-06-30,0.0496,0.8415,0.0397,0.1071,23.05,1.14,26.82,0.0434
2015-11-02,JPM,2014Q3,2014-09-30,0.0728,0.849,0.0317,0.1064,14.71,1.07,17.67,0.068
2016-02-23,JPM,2012Q4,2012-12-31,0.1043,0.8862,0.1175,0.1056,10.03,1.05,12.0,0.0997
2016-04-29,JPM,2015Q1,2015-03-31,0.0251,0.859,0.0632,0.1089,39.81,1.0,52.44,0.0251
2016-08-03,JPM,2015Q2,2015-06-30,0.0506,0.8598,0.1339,0.1171,19.69,1.0,26.44,0.0508
2016-11-01,JPM,2015Q3,2015-09-30,0.0774,0.8558,0.224,0.1212,13.46,1.04,19.54,0.0743
2017-02-28,JPM,2013Q4,2013-12-31,0.0848,0.904,0.3172,0.1109,19.03,1.61,17.78,0.0525
2017-05-02,JPM,2016Q1,2016-03-31,0.0221,0.8168,-0.0666,0.12,58.15,1.28,66.93,0.0172
2017-08-02,JPM,2016Q2,2016-06-30,0.0464,0.8137,-0.0666,0.1199,29.34,1.36,31.71,0.0341
2017-11-01,JPM,2016Q3,2016-09-30,0.0708,0.8128,-0.0505,0.1227,20.6,1.46,22.04,0.0486
2018-02-27,JPM,2014Q4,2014-12-31,0.0938,0.917,0.0839,0.1074,20.05,1.88,19.31,0.0499
2018-05-02,JPM,2017Q1,2017-03-31,0.0252,0.7687,-0.058,0.1137,60.28,1.52,22.06,0.0166
2018-08-01,JPM,2017Q2,2017-06-30,0.0521,0.7568,-0.0445,0.1143,30.79,1.61,12.22,0.0325
2018-10-31,JPM,2017Q3,2017-09-30,0.0782,0.7369,-0.0601,0.1126,19.26,1.51,6.79,0.0519
2019-02-26,JPM,2015Q4,2015-12-31,0.0987,0.9202,0.1905,0.1227,15.78,1.56,8.77,0.0634
2019-05-02,JPM,2018Q1,2018-03-31,0.034,0.6997,-0.088,0.1052,45.81,1.56,20.77,0.0218
2019-08-06,JPM,2018Q2,2018-06-30,0.0661,0.6791,0.0015,0.1054,22.29,1.47,9.91,0.0449
2019-11-04,JPM,2018Q3,2018-09-30,0.0981,0.6496,0.0313,0.1033,17.32,1.7,7.74,0.0577
2020-02-25,JPM,2016Q4,2016-12-31,0.0973,0.8983,0.0487,0.1185,18.18,1.77,8.84,0.055
2020-05-07,JPM,2019Q1,2019-03-31,0.0353,0.5272,-0.2689,0.1063,32.77,1.16,21.78,0.0305
2020-08-03,JPM,2019Q2,2019-06-30,0.0715,0.5119,-0.3011,0.1059,16.71,1.2,12.58,0.0598
2020-11-02,JPM,2019Q3,2019-09-30,0.1056,0.5223,-0.2417,0.1072,11.67,1.23,9.09,0.0857
2021-02-23,JPM,2017Q4,2017-12-31,0.0956,0.8622,-0.021,0.1121,21.11,2.02,8.76,0.0474
2021-05-04,JPM,2020Q1,2020-03-31,0.011,0.659,-0.2495,0.0954,168.01,1.84,76.41,0.006
2021-08-02,JPM,2020Q2,2020-06-30,0.0286,0.7889,-0.0797,0.0987,61.78,1.76,21.93,0.0162
2021-11-02,JPM,2020Q3,2020-09-30,0.0627,0.8242,-0.0987,0.086,30.93,1.94,11.7,0.0323
2022-02-22,JPM,2018Q4,2018-12-31,0.1266,0.8066,0.0314,0.1075,15.32,1.94,10.31,0.0653
2022-05-03,JPM,2021Q1,2021-03-31,0.0509,0.9287,-0.116,0.0757,26.44,1.35,-2.71,0.0378
2022-08-03,JPM,2021Q2,2021-06-30,0.0917,0.9263,-0.0874,0.0814,13.22,1.21,-1.58,0.0756
2022-11-03,JPM,2021Q3,2021-09-30,0.1308,0.923,-0.0182,0.0794,10.18,1.33,-1.42,0.0982
2023-02-21,JPM,2019Q4,2019-12-31,0.1394,0.7684,0.0095,0.1085,11.82,1.65,8.61,0.0846
2023-05-03,JPM,2022Q1,2022-03-31,0.029,0.9036,-0.1035,0.0741,48.88,1.42,-4.75,0.0205
2023-08-03,JPM,2022Q2,2022-06-30,0.0592,0.8415,0.0519,0.075,27.42,1.62,3.39,0.0365
2023-11-01,JPM,2022Q3,2022-09-30,0.0926,0.7221,0.0143,0.0762,15.46,1.43,1.45,0.0647
2014-02-27,KO,2010Q4,2010-12-31,0.3802,0.6386,0.0416,0.21,14.91,5.67,18.52,0.0671
2014-04-24,KO,2013Q1,2013-03-29,0.0539,0.6082,-0.0001,0.2125,103.55,5.58,66.28,0.0097
2014-07-30,KO,2013Q2,2013-06-28,0.1374,0.6084,0.0164,0.1941,39.83,5.47,27.93,0.0251
2014-10-29,KO,2013Q3,2013-09-27,0.2139,0.6061,0.0335,0.1942,26.47,5.66,19.67,0.0378
2015-02-25,KO,2011Q4,2011-12-31,0.2713,0.6086,0.0341,0.1963,22.38,6.07,16.08,0.0447
2015-04-30,KO,2014Q1,2014-03-28,0.0496,0.6139,0.0035,0.2212,110.26,5.47,66.54,0.0091
2015-07-29,KO,2014Q2,2014-06-27,0.1237,0.6155,0.0193,0.2111,42.34,5.24,28.71,0.0236
2015-10-28,KO,2014Q3,2014-09-26,0.1893,0.6148,0.0339,0.235,29.66,5.61,20.47,0.0337
2016-04-28,KO,2015Q2,2015-04-03,0.054,0.6169,0.0054,0.309,125.12,6.76,77.55,0.008
2016-07-28,KO,2015Q3,2015-07-03,0.1642,0.6129,0.021,0.2994,40.8,6.7,36.17,0.0245
2016-10-27,KO,2012Q4,2012-12-31,0.2751,0.6032,0.0415,0.1893,21.03,5.79,15.48,0.0475
2017-02-24,KO,2013Q4,2013-12-31,0.2588,0.6068,0.0431,0.2241,21.58,5.58,15.98,0.0463
2017-04-27,KO,2016Q2,2016-04-01,0.0595,0.6043,0.0004,0.35,125.52,7.47,80.55,0.008
2017-10-26,KO,2016Q3,2016-09-30,0.2292,0.6096,0.0258,0.3741,33.43,7.66,26.04,0.0299
2018-02-23,KO,2014Q4,2014-12-31,0.2341,0.6111,0.0425,0.2453,27.22,6.37,17.7,0.0367
2018-05-01,KO,2017Q1,2017-03-31,0.0517,0.6147,1763.5783,0.3698,0.0,0.0,9.43,6473.7564
2018-10-30,KO,2017Q2,2017-06-30,0.1156,0.6189,12312.5887,0.3871,0.0,0.0,4.92,12523.5215
2018-10-30,KO,2017Q3,2017-09-29,0.1806,0.6213,22925.2535,0.3944,0.0,0.0,3.23,19644.6045
2019-07-25,KO,2018Q1,2018-03-30,0.0633,0.641,1497.7233,0.3662,0.0,0.0,12.43,6043.9098
2019-09-20,KO,2015Q4,2015-12-31,0.2877,0.6053,0.034,0.3443,31.92,9.18,24.12,0.0313
2019-10-24,KO,2018Q2,2018-06-29,0.1826,0.6264,0.0086,0.3581,63.15,11.53,48.72,0.0158
2019-10-24,KO,2018Q3,2018-09-28,0.2757,0.6239,0.02,0.3668,41.79,11.52,31.37,0.0239
2020-02-24,KO,2016Q4,2016-12-31,0.2811,0.6067,0.0258,0.3806,38.79,10.9,26.58,0.0258
2020-07-22,KO,2019Q1,2019-03-29,0.0847,0.613,0.0019,0.3701,123.4,10.46,86.31,0.0081
2020-10-22,KO,2019Q2,2019-06-28,0.2111,0.6102,0.0173,0.3561,50.5,10.66,40.12,0.0198
2020-10-22,KO,2019Q3,2019-09-27,0.3325,0.608,0.0303,0.3603,31.49,10.47,27.07,0.0318
2021-02-25,KO,2017Q4,2017-12-31,0.0658,0.6211,0.0247,0.3926,171.74,11.29,26.9,0.0058
2021-07-26,KO,2020Q1,2020-03-27,0.1399,0.6081,0.0009,0.3908,88.19,12.34,97.53,0.0113
2021-10-28,KO,2020Q2,2020-06-26,0.2373,0.5947,0.0094,0.4532,52.82,12.53,53.51,0.0189
2021-10-28,KO,2020Q3,2020-09-25,0.3097,0.5962,0.0227,0.4837,38.24,11.84,35.57,0.0261
2022-02-22,KO,2018Q4,2018-12-31,0.3376,0.619,0.0229,0.3651,41.23,13.92,27.97,0.0243
2022-07-27,KO,2021Q2,2021-04-02,0.1005,0.6114,0.0052,0.4784,120.88,12.15,99.08,0.0083
2022-10-26,KO,2021Q3,2021-07-02,0.2014,0.6192,0.0198,0.4451,52.39,10.55,44.23,0.0191
2023-02-21,KO,2019Q4,2019-12-31,0.4228,0.6077,0.0329,0.3678,28.67,12.12,24.52,0.0349
2023-07-27,KO,2022Q2,2022-04-01,0.1036,0.61,0.0015,0.4049,97.26,10.08,80.69,0.0103
2023-10-24,KO,2022Q3,2022-09-30,0.3028,0.5898,0.0303,0.3914,32.07,9.71,27.27,0.0312
2020-07-31,LIN,2019Q1,2019-03-31,0.0091,0.4073,0.0017,0.1441,258.65,2.36,77.04,0.0039
2020-11-05,LIN,2019Q2,2019-06-30,0.0196,0.4066,0.0027,0.1432,130.78,2.57,39.41,0.0076
2020-11-05,LIN,2019Q3,2019-09-30,0.0346,0.411,0.0094,0.1421,76.39,2.64,25.11,0.0131
2021-03-01,LIN,2017Q4,2017-12-31,0.1915,0.4381,0.024,0.4288,57.73,11.06,22.09,0.0173
2021-07-30,LIN,2020Q1,2020-03-31,0.0122,0.4297,0.0033,0.1426,284.97,3.46,91.36,0.0035
2021-10-29,LIN,2020Q2,2020-06-30,0.0215,0.4311,0.009,0.1607,163.59,3.52,49.45,0.0061
2021-10-29,LIN,2020Q3,2020-09-30,0.0356,0.4343,0.0156,0.158,97.27,3.47,30.9,0.0103
2022-02-28,LIN,2018Q4,2018-12-31,0.0768,0.392,0.0183,0.1479,22.12,1.7,15.01,0.0452
2022-07-28,LIN,2021Q1,2021-03-31,0.0206,0.4403,0.0087,0.1468,158.3,3.26,68.73,0.0063
2022-10-27,LIN,2021Q2,2021-06-30,0.0386,0.4437,0.0159,0.14,83.85,3.23,34.39,0.0119
2022-10-27,LIN,2021Q3,2021-09-30,0.0612,0.4392,0.0279,0.1643,54.34,3.33,22.57,0.0184
2023-02-28,LIN,2019Q4,2019-12-31,0.0443,0.4104,0.0129,0.1411,82.49,3.66,26.03,0.0121
2023-07-27,LIN,2022Q1,2022-03-31,0.0265,0.4157,0.0069,0.168,166.15,4.4,78.9,0.006
2023-10-26,LIN,2022Q2,2022-06-30,0.0377,0.4158,0.0142,0.1647,120.75,4.55,45.84,0.0083
2023-10-26,LIN,2022Q3,2022-09-30,0.0724,0.4101,0.0244,0.1636,65.91,4.77,28.02,0.0152
2014-04-25,META,2013Q1,2013-03-31,0.0185,0.7167,0.0028,0.0989,628.75,11.65,225.86,0.0016
2014-07-24,META,2013Q2,2013-06-30,0.0447,0.7316,0.008,0.0954,325.59,14.55,127.49,0.0031
2014-10-30,META,2013Q3,2013-09-30,0.0749,0.7382,0.0118,0.0,182.66,13.68,72.79,0.0055
2015-01-29,META,2011Q4,2011-12-31,0.2041,0.7683,0.0093,0.0,100.93,20.6,47.82,0.0099
2016-01-28,META,2012Q4,2012-12-31,0.0045,0.732,0.0017,0.0993,4129.71,18.62,183.65,0.0002
2017-02-03,META,2013Q4,2013-12-31,0.097,0.7618,0.009,0.0,211.31,20.49,82.21,0.0047
2023-10-26,META,2022Q3,2022-09-30,0.1495,0.7997,0.0174,0.0555,42.02,6.28,26.86,0.0238
2014-07-31,MSFT,2011Q2,2011-06-30,0.4055,0.7773,0.0682,0.1095,15.62,6.33,12.48,0.064
2015-10-27,MSFT,2012Q2,2012-06-30,0.2558,0.7622,0.0652,0.0981,26.5,6.78,18.99,0.0377
2016-07-28,MSFT,2013Q2,2013-06-30,0.2769,0.7381,0.0525,0.1095,21.41,5.93,16.34,0.0467
2017-08-02,MSFT,2014Q2,2014-06-30,0.2459,0.6882,0.0454,0.1195,26.97,6.63,19.49,0.0371
2018-08-03,MSFT,2015Q2,2015-06-30,0.1523,0.647,0.0274,0.1737,71.13,10.83,40.07,0.0141
2019-08-01,MSFT,2016Q2,2016-06-30,0.2472,0.6404,0.0232,0.2099,52.48,12.97,35.9,0.0191
2020-07-30,MSFT,2017Q2,2017-06-30,0.2906,0.6452,0.02,0.308,61.66,17.92,46.72,0.0162
2021-07-29,MSFT,2018Q2,2018-06-30,0.2003,0.6525,0.0147,0.2944,132.73,26.59,52.94,0.0075
2022-07-28,MSFT,2019Q2,2019-06-30,0.3835,0.659,0.0181,0.2519,53.84,20.64,41.27,0.0186
2023-07-27,MSFT,2020Q2,2020-06-30,0.3743,0.6778,0.0181,0.2102,56.55,21.16,40.11,0.0177
2015-02-20,NEE,2010Q4,2010-12-31,0.1353,0.2107,0.0759,0.3399,22.14,3.0,12.16,0.0452
2016-02-22,NEE,2011Q4,2011-12-31,0.1287,0.2126,0.0657,0.3639,25.07,3.23,14.23,0.0399
2016-02-22,NEE,2014Q1,2014-03-31,0.0237,0.2009,0.0043,0.3387,116.64,2.76,61.19,0.0086
2016-02-22,NEE,2014Q2,2014-06-30,0.0267,-0.4924,0.0284,0.3499,102.01,2.72,36.81,0.0098
2016-02-22,NEE,2014Q3,2014-09-30,0.0345,-1.0421,0.0559,0.3443,76.08,2.62,24.68,0.0131
2017-02-23,NEE,2012Q4,2012-12-31,0.1189,0.2298,0.0561,0.3597,28.17,3.35,15.97,0.0355
2017-02-23,NEE,2013Q4,2013-12-31,0.1058,0.2141,0.0731,0.3473,28.72,3.04,14.49,0.0348
2017-02-23,NEE,2015Q1,2015-03-31,0.0318,0.2751,0.0096,0.3238,87.9,2.79,48.29,0.0114
2017-02-23,NEE,2015Q2,2015-06-30,0.0331,-0.4197,0.0303,0.3269,80.08,2.65,33.75,0.0125
2017-02-23,NEE,2015Q3,2015-09-30,0.0385,-0.9499,0.0463,0.3202,65.73,2.53,23.07,0.0152
2018-02-16,NEE,2014Q4,2014-12-31,0.1222,0.2576,0.067,0.3223,27.5,3.36,13.13,0.0364
2018-02-16,NEE,2016Q1,2016-03-31,0.0276,0.3218,0.0041,0.3284,110.05,3.04,55.91,0.0091
2018-02-16,NEE,2016Q2,2016-06-30,0.0226,-0.3749,0.0186,0.3161,133.19,3.01,40.11,0.0075
2018-02-16,NEE,2016Q3,2016-09-30,0.0303,-0.8262,0.0366,0.3209,95.68,2.9,28.12,0.0105
2019-02-15,NEE,2015Q4,2015-12-31,0.1191,0.2649,0.0419,0.3235,30.13,3.59,14.58,0.0332
2019-02-15,NEE,2017Q1,2017-03-31,0.0598,0.5942,0.0033,0.3129,54.35,3.25,38.17,0.0184
2019-02-15,NEE,2017Q2,2017-06-30,0.0295,-0.0773,0.0228,0.3272,108.54,3.2,41.54,0.0092
2019-02-15,NEE,2017Q3,2017-09-30,0.031,-0.7064,0.0382,0.3135,101.87,3.15,29.23,0.0098
2020-02-14,NEE,2016Q4,2016-12-31,0.1146,0.2763,0.0213,0.3075,44.38,5.09,20.49,0.0225
2020-02-14,NEE,2018Q1,2018-03-31,0.123,0.2746,-0.0027,0.2976,29.59,3.64,82.64,0.0338
2020-02-14,NEE,2018Q2,2018-06-30,0.0216,-0.4066,0.0089,0.297,167.93,3.62,56.03,0.006
2020-02-14,NEE,2018Q3,2018-09-30,0.0269,-1.0752,0.0249,0.2743,130.72,3.52,41.64,0.0076
2020-10-23,NEE,2019Q1,2019-03-31,0.018,0.2785,-0.0019,0.2741,213.17,3.83,90.98,0.0047
2020-10-23,NEE,2019Q2,2019-06-30,0.0498,0.3187,0.0122,0.3071,75.78,3.77,36.68,0.0132
2020-10-23,NEE,2019Q3,2019-09-30,0.0695,0.3062,0.0287,0.3164,52.03,3.62,23.3,0.0192
2021-02-12,NEE,2017Q4,2017-12-31,0.1822,0.3012,0.088,0.3206,7.24,1.32,9.08,0.1381
2021-07-26,NEE,2020Q1,2020-03-31,0.0103,0.3703,-0.0086,0.3408,357.51,3.68,66.38,0.0028
2021-10-25,NEE,2020Q2,2020-06-30,0.0408,0.3263,-0.0005,0.3498,97.36,3.97,41.29,0.0103
2021-10-25,NEE,2020Q3,2020-09-30,0.0695,0.2865,0.0122,0.3386,56.45,3.92,28.2,0.0177
2022-02-18,NEE,2018Q4,2018-12-31,0.1774,0.2511,0.0317,0.2583,21.14,3.75,19.76,0.0473
2022-07-27,NEE,2021Q1,2021-03-31,0.0364,0.1758,-0.0161,0.3478,94.64,3.45,142.15,0.0106
2022-11-03,NEE,2021Q2,2021-06-30,0.0426,0.1531,-0.0035,0.3523,79.81,3.4,68.59,0.0125
2022-11-03,NEE,2021Q3,2021-09-30,0.0531,0.1279,0.0102,0.3456,64.76,3.44,44.38,0.0154
2023-02-17,NEE,2019Q4,2019-12-31,0.0911,0.2576,0.0312,0.319,38.91,3.55,19.13,0.0257
2023-07-26,NEE,2022Q1,2022-03-31,-0.0102,-0.2761,-0.0205,0.3517,-323.98,3.32,1766.82,-0.0031
2023-11-07,NEE,2022Q2,2022-06-30,0.0209,0.0183,-0.0057,0.3517,123.65,2.58,73.9,0.0081
2023-11-07,NEE,2022Q3,2022-09-30,0.0562,0.1243,0.0103,0.3495,43.82,2.46,30.88,0.0228
2016-03-17,NVDA,2014Q2,2014-04-27,0.0329,0.5476,0.0066,0.1986,133.92,4.4,93.21,0.0075
2016-03-17,NVDA,2014Q3,2014-07-27,0.0297,0.5612,0.0106,0.1976,143.33,4.26,45.18,0.007
2016-03-17,NVDA,2014Q4,2014-10-26,0.0411,0.5527,0.0204,0.2,105.29,4.33,27.66,0.0095
2017-03-01,NVDA,2015Q2,2015-04-26,0.0294,0.5673,0.0038,0.1908,421.13,12.39,249.39,0.0024
2017-03-01,NVDA,2015Q3,2015-07-26,0.0062,0.5499,0.0063,0.2005,2154.64,13.39,161.43,0.0005
2017-03-01,NVDA,2015Q4,2015-10-25,0.0553,0.5617,0.0106,0.196,226.39,12.52,88.01,0.0044
2018-02-28,NVDA,2016Q4,2016-10-30,0.1018,0.5903,0.0064,0.2062,239.32,24.36,96.76,0.0042
2019-02-21,NVDA,2017Q2,2017-04-30,0.0827,0.5937,0.0025,0.2108,181.89,15.04,153.43,0.0055
2019-02-21,NVDA,2017Q3,2017-07-30,0.0976,0.5839,0.0095,0.211,158.98,15.52,69.27,0.0063
2019-02-21,NVDA,2017Q4,2017-10-29,0.1319,0.5952,0.0212,0.2019,110.97,14.64,40.39,0.009
2020-02-20,NVDA,2018Q2,2018-04-29,0.1612,0.6448,0.0071,0.1733,150.38,24.24,139.27,0.0066
2020-02-20,NVDA,2018Q3,2018-07-29,0.1252,0.6324,0.0113,0.1542,170.19,21.31,73.46,0.0059
2020-02-20,NVDA,2018Q4,2018-10-28,0.1298,0.6039,0.013,0.1455,152.59,19.81,51.15,0.0066
2020-08-19,NVDA,2019Q2,2019-04-28,0.0406,0.5838,0.002,0.1418,748.03,30.37,654.65,0.0013
2020-11-18,NVDA,2019Q3,2019-07-28,0.0916,0.5912,0.0043,0.1346,344.87,31.6,289.09,0.0029
2020-11-18,NVDA,2019Q4,2019-10-27,0.1645,0.6083,0.009,0.1259,177.3,29.17,149.86,0.0056
2021-08-20,NVDA,2020Q2,2020-04-26,0.07,0.6506,0.0059,0.2993,139.38,9.76,110.13,0.0072
2021-11-22,NVDA,2020Q3,2020-07-26,0.1106,0.616,0.0027,0.2764,510.8,56.5,369.41,0.002
2021-11-22,NVDA,2020Q4,2020-10-25,0.1875,0.6203,0.0037,0.259,273.88,51.35,206.55,0.0037
2022-08-31,NVDA,2021Q2,2021-05-02,0.1018,0.6411,0.0042,0.2261,196.1,19.97,170.28,0.0051
2022-11-18,NVDA,2021Q3,2021-08-01,0.2026,0.6446,0.0106,0.309,89.51,18.14,78.49,0.0112
2022-11-18,NVDA,2021Q4,2021-10-31,0.2836,0.6474,0.014,0.2693,56.92,16.14,49.62,0.0176
2023-11-21,NVDA,2022Q4,2022-10-30,0.1384,0.5507,0.0017,0.2705,421.84,58.37,306.96,0.0024
2014-08-08,PG,2011Q2,2011-06-30,0.1735,0.5085,0.0442,0.191,19.24,3.34,13.67,0.052
2014-08-08,PG,2012Q3,2012-09-30,0.0433,0.4912,0.0089,0.1734,78.66,3.41,52.1,0.0127
2014-08-08,PG,2012Q4,2012-12-31,0.0603,0.0233,0.023,0.1687,54.51,3.28,40.51,0.0183
2014-08-08,PG,2013Q1,2013-03-31,0.0378,-0.5627,0.0363,0.1518,86.46,3.26,42.73,0.0116
2015-10-26,PG,2012Q2,2012-06-30,0.168,-0.4581,0.0437,0.1594,19.82,3.33,14.15,0.0505
2015-10-26,PG,2013Q3,2013-09-30,0.044,0.4362,0.0062,0.1309,70.02,3.08,48.79,0.0143
2015-10-26,PG,2013Q4,2013-12-31,0.0489,-0.0717,0.0175,0.1505,61.29,3.0,41.47,0.0163
2015-10-26,PG,2014Q1,2014-03-31,0.0372,-0.6852,0.0324,0.1455,80.86,3.01,40.74,0.0124
2016-08-09,PG,2013Q2,2013-06-30,0.1646,0.4852,0.0461,0.1372,20.85,3.43,15.53,0.048
2016-08-09,PG,2014Q3,2014-09-30,0.0298,0.4814,0.0121,0.1375,117.13,3.49,55.25,0.0085
2016-08-09,PG,2014Q4,2014-12-31,0.0366,-0.0431,0.0233,0.133,98.18,3.59,47.43,0.0102
2016-08-09,PG,2015Q1,2015-03-31,0.034,-0.6668,0.035,0.1326,108.21,3.68,45.22,0.0092
2017-08-07,PG,2014Q2,2014-06-30,0.1664,0.4754,0.0407,0.1832,21.36,3.55,15.63,0.0468
2017-08-07,PG,2015Q3,2015-09-30,0.0413,0.5067,0.0121,0.1346,95.63,3.95,57.44,0.0105
2017-08-07,PG,2015Q4,2015-12-31,0.0515,0.0179,0.0273,0.1362,77.56,3.99,48.4,0.0129
2017-08-07,PG,2016Q1,2016-03-31,0.0459,-0.5568,0.0374,0.1501,90.08,4.14,46.6,0.0111
2018-10-22,PG,2015Q2,2015-06-30,0.1116,0.4762,0.0463,0.1415,33.38,3.72,17.37,0.03
2018-10-22,PG,2016Q3,2016-09-30,0.046,0.5095,0.0101,0.1465,85.35,3.93,54.55,0.0117
2018-10-22,PG,2016Q4,2016-12-31,0.1465,0.0271,0.0201,0.1406,28.98,4.25,45.35,0.0345
2018-10-22,PG,2017Q1,2017-03-31,0.0462,-0.5531,0.0302,0.1408,89.67,4.15,43.79,0.0112
2019-08-06,PG,2016Q2,2016-06-30,0.1812,0.4943,0.0393,0.149,29.35,5.32,19.54,0.0341
2019-08-06,PG,2017Q3,2017-09-30,0.0521,0.5035,0.0086,0.1643,102.16,5.33,70.65,0.0098
2019-08-06,PG,2017Q4,2017-12-31,0.0456,0.024,0.0186,0.1752,116.44,5.31,57.74,0.0086
2019-08-06,PG,2018Q1,2018-03-31,0.0457,-0.5578,0.0271,0.1804,115.4,5.27,57.98,0.0087
2020-08-07,PG,2017Q2,2017-06-30,0.2748,0.4983,0.027,0.1498,22.64,6.22,21.67,0.0442
2020-08-07,PG,2018Q3,2018-09-30,0.0609,0.4917,0.0075,0.1754,104.19,6.35,83.76,0.0096
2020-08-07,PG,2018Q4,2018-12-31,0.0587,0.002,0.0174,0.1739,104.44,6.13,67.72,0.0096
2020-08-07,PG,2019Q1,2019-03-31,0.0494,-0.5691,0.0256,0.1755,121.7,6.01,67.4,0.0082
2021-01-20,PG,2019Q3,2019-09-30,0.0765,0.5099,0.0094,0.1768,91.94,7.03,68.06,0.0109
2021-04-20,PG,2019Q4,2019-12-31,0.1592,0.5118,0.0199,0.1699,47.03,7.49,35.04,0.0213
2021-04-20,PG,2020Q1,2020-03-31,0.2226,0.506,0.0297,0.1966,33.53,7.46,24.32,0.0298
2021-08-06,PG,2018Q2,2018-06-30,0.1844,0.4848,0.0312,0.1763,36.68,6.76,23.21,0.0273
2022-01-19,PG,2020Q3,2020-09-30,0.088,0.5268,0.0097,0.1997,94.17,8.29,69.44,0.0106
2022-04-20,PG,2020Q4,2020-12-31,0.1675,0.5291,0.0215,0.1874,49.93,8.36,34.71,0.02
2022-04-20,PG,2021Q1,2021-03-31,0.243,0.5222,0.0301,0.1803,35.51,8.63,25.25,0.0282
2022-08-05,PG,2019Q2,2019-06-30,0.0819,0.4863,0.0328,0.1772,92.97,7.62,45.54,0.0108
2023-01-19,PG,2021Q3,2021-09-30,0.0886,0.4904,0.0103,0.1718,84.1,7.45,62.09,0.0119
2023-04-21,PG,2021Q4,2021-12-31,0.1857,0.4907,0.0213,0.1838,45.33,8.42,33.54,0.0221
2023-04-21,PG,2022Q1,2022-03-31,0.2555,0.4832,0.028,0.1977,32.23,8.24,24.05,0.031
2023-08-04,PG,2020Q2,2020-06-30,0.2779,0.5032,0.0371,0.195,29.65,8.24,21.02,0.0337
2014-02-26,PLD,2012Q1,2012-03-31,0.0155,0.1601,0.0032,0.0004,88.44,1.37,67.7,0.0113
2014-02-26,PLD,2012Q2,2012-06-30,0.016,-0.6111,0.0045,0.4376,87.71,1.4,64.96,0.0114
2014-02-26,PLD,2012Q3,2012-09-30,0.0133,-1.4631,0.0106,0.4402,105.53,1.4,47.79,0.0095
2015-02-25,PLD,2011Q4,2011-12-31,-0.0106,0.0667,-0.0005,0.0004,-103.61,1.1,22.52,-0.0097
2015-02-25,PLD,2013Q1,2013-03-31,0.0228,0.2022,0.0037,0.3769,69.5,1.58,102.33,0.0144
2015-02-25,PLD,2013Q2,2013-06-30,0.0208,-0.7899,-0.0066,0.3502,70.8,1.47,71.74,0.0141
2015-02-25,PLD,2013Q3,2013-09-30,0.0205,-1.5547,-0.0034,0.3679,73.4,1.5,51.75,0.0136
2016-02-19,PLD,2012Q4,2012-12-31,-0.0029,0.0474,0.0122,0.4317,-432.22,1.25,33.54,-0.0023
2016-02-19,PLD,2014Q1,2014-03-31,0.0005,0.1644,-0.0003,0.3598,2737.29,1.37,117.79,0.0004
2016-02-19,PLD,2014Q2,2014-06-30,0.0065,-0.5824,0.0066,0.3534,211.69,1.37,64.46,0.0047
2016-02-19,PLD,2014Q3,2014-09-30,0.0168,-1.5655,0.0033,0.3665,82.47,1.39,49.42,0.0121
2017-02-15,PLD,2013Q4,2013-12-31,0.0242,0.1739,-0.0012,0.3667,70.04,1.69,33.6,0.0143
2017-02-15,PLD,2015Q1,2015-03-31,0.0237,0.7254,0.0005,0.3394,73.22,1.74,133.42,0.0137
2017-02-15,PLD,2015Q2,2015-06-30,0.0332,0.7535,0.0024,0.3836,52.44,1.74,83.61,0.0191
2017-02-15,PLD,2015Q3,2015-09-30,0.0512,0.7584,0.0072,0.3798,34.31,1.76,52.52,0.0291
2018-02-15,PLD,2014Q4,2014-12-31,0.0419,0.1816,0.0092,0.3622,48.22,2.02,41.22,0.0207
2018-02-15,PLD,2016Q1,2016-03-31,0.0143,0.7582,0.0067,0.3725,153.49,2.2,114.74,0.0065
2018-02-15,PLD,2016Q2,2016-06-30,0.0331,0.7663,0.0154,0.3623,66.17,2.19,69.08,0.0151
2018-02-15,PLD,2016Q3,2016-09-30,0.0519,0.8006,0.0222,0.3644,42.03,2.18,46.01,0.0238
2019-02-13,PLD,2015Q4,2015-12-31,0.0472,0.173,0.0061,0.3703,42.46,2.0,38.3,0.0236
2019-02-13,PLD,2017Q1,2017-03-31,0.0139,0.7574,0.0059,0.372,182.72,2.54,123.6,0.0055
2019-02-13,PLD,2017Q2,2017-06-30,0.0319,0.8071,0.0145,0.3676,79.17,2.53,66.17,0.0126
2019-02-13,PLD,2017Q3,2017-09-30,0.0869,0.7865,0.0284,0.3278,27.78,2.41,56.11,0.036
2020-02-11,PLD,2016Q4,2016-12-31,0.0656,0.2639,0.0189,0.3507,41.83,2.74,37.78,0.0239
2020-02-11,PLD,2018Q1,2018-03-31,0.0196,0.7939,0.0046,0.3188,139.37,2.73,94.62,0.0072
2020-02-11,PLD,2018Q2,2018-06-30,0.0376,0.7854,0.0095,0.3195,72.82,2.74,87.22,0.0137
2020-02-11,PLD,2018Q3,2018-09-30,0.0413,0.7843,0.0146,0.2935,50.02,2.07,61.34,0.02
2021-02-11,PLD,2017Q4,2017-12-31,0.0883,0.7825,0.0218,0.3193,34.59,3.06,23.34,0.0289
2021-02-11,PLD,2019Q1,2019-03-31,0.0135,0.7564,0.0032,0.2789,194.68,2.63,118.54,0.0051
2021-02-11,PLD,2019Q2,2019-06-30,0.0285,0.7708,0.0079,0.2834,92.51,2.63,77.64,0.0108
2021-02-11,PLD,2019Q3,2019-09-30,0.0457,0.808,0.0145,0.2905,57.28,2.62,59.27,0.0175
2022-02-09,PLD,2018Q4,2018-12-31,0.0639,0.7858,0.0091,0.2887,53.45,3.42,37.53,0.0187
2022-02-09,PLD,2020Q1,2020-03-31,0.0134,0.7673,0.0022,0.285,220.93,2.95,151.54,0.0045
2022-02-09,PLD,2020Q2,2020-06-30,0.0244,0.8167,0.0071,0.2837,124.38,3.04,93.44,0.008
2022-02-09,PLD,2020Q3,2020-09-30,0.0329,0.7733,0.0145,0.2962,93.86,3.09,75.35,0.0107
2023-02-14,PLD,2019Q4,2019-12-31,0.0603,0.7795,0.0156,0.2974,51.21,3.09,30.56,0.0195
2023-02-14,PLD,2021Q1,2021-03-31,0.0101,0.758,0.0063,0.2961,256.96,2.59,118.54,0.0039
2023-02-14,PLD,2021Q2,2021-06-30,0.0265,0.787,0.0067,0.3009,97.57,2.59,74.3,0.0102
2023-02-14,PLD,2021Q3,2021-09-30,0.046,0.7831,0.0115,0.3005,55.83,2.57,57.0,0.0179
2014-02-12,UNH,2010Q4,2010-12-31,0.1794,0.9775,0.0686,0.1374,16.98,3.05,8.76,0.0589
2014-02-12,UNH,2012Q1,2012-03-31,0.0481,0.0849,0.0455,0.1525,52.58,2.53,27.71,0.019
2014-02-12,UNH,2012Q2,2012-06-30,0.0455,0.0816,0.0731,0.1519,54.32,2.47,25.35,0.0184
2014-02-12,UNH,2012Q3,2012-09-30,0.0515,0.0956,0.0648,0.1555,46.47,2.39,21.01,0.0215
2014-05-06,UNH,2013Q1,2013-03-31,0.0375,0.9775,0.0095,0.1884,64.15,2.41,33.17,0.0156
2014-08-04,UNH,2013Q2,2013-06-30,0.0837,0.9778,0.0228,0.1938,31.68,2.65,17.47,0.0316
2014-11-10,UNH,2013Q3,2013-09-30,0.1311,0.9772,0.0516,0.1819,22.77,2.99,12.47,0.0439
2015-02-10,UNH,2011Q4,2011-12-31,0.1817,0.9766,0.0506,0.157,22.68,4.12,12.29,0.0441
2015-05-06,UNH,2014Q1,2014-03-31,0.0338,0.9719,0.0095,0.1716,101.51,3.43,49.12,0.0099
2015-07-29,UNH,2014Q2,2014-06-30,0.0761,0.9717,0.0143,0.1712,47.55,3.62,23.91,0.021
2015-11-05,UNH,2014Q3,2014-09-30,0.126,0.9714,0.0396,0.1708,27.64,3.48,14.05,0.0362
2016-02-09,UNH,2012Q4,2012-12-31,0.1772,0.9772,0.0533,0.1736,20.66,3.66,11.34,0.0484
2016-05-04,UNH,2015Q1,2015-03-31,0.0443,0.9688,0.0151,0.1736,89.14,3.95,44.03,0.0112
2016-08-02,UNH,2015Q2,2015-06-30,0.0908,0.9689,0.0199,0.1682,45.51,4.13,22.88,0.022
2016-11-08,UNH,2015Q3,2015-09-30,0.1387,0.9264,0.0379,0.2403,29.64,4.11,15.8,0.0337
2017-02-08,UNH,2013Q4,2013-12-31,0.175,0.9764,0.0352,0.1819,28.67,5.02,15.36,0.0349
2017-05-08,UNH,2016Q1,2016-03-31,0.0459,0.868,0.0114,0.2309,103.19,4.74,52.82,0.0097
2017-08-04,UNH,2016Q2,2016-06-30,0.0927,0.8683,0.0172,0.2244,55.13,5.11,28.45,0.0181
2017-11-07,UNH,2016Q3,2016-09-30,0.142,0.8681,0.0493,0.2105,37.97,5.39,19.14,0.0263
2018-02-13,UNH,2014Q4,2014-12-31,0.1731,0.9707,0.0296,0.1855,39.21,6.79,19.47,0.0255
2018-05-07,UNH,2017Q1,2017-03-31,0.0494,0.8835,0.0267,0.1907,102.68,5.07,59.06,0.0097
2018-08-07,UNH,2017Q2,2017-06-30,0.0983,0.8829,0.0312,0.1897,55.45,5.45,31.42,0.018
2018-11-08,UNH,2017Q3,2017-09-30,0.1467,0.8817,0.0555,0.176,38.34,5.63,21.29,0.0261
2019-02-12,UNH,2015Q4,2015-12-31,0.1724,0.8968,0.0326,0.2277,43.2,7.45,20.88,0.0231
2019-08-07,UNH,2018Q1,2018-03-31,0.0567,0.8879,0.0331,0.1813,83.95,4.76,53.51,0.0119
2019-11-06,UNH,2018Q2,2018-06-30,0.1134,0.8863,0.0473,0.2076,41.9,4.75,27.02,0.0239
2019-11-06,UNH,2018Q3,2018-09-30,0.1701,0.8846,0.049,0.2121,26.97,4.59,17.97,0.0371
2020-02-14,UNH,2016Q4,2016-12-31,0.1838,0.8679,0.0284,0.2099,40.54,7.45,20.01,0.0247
2020-08-03,UNH,2019Q1,2019-03-31,0.0637,0.8776,0.0092,0.2135,83.89,5.34,57.19,0.0119
2020-11-02,UNH,2019Q2,2019-06-30,0.121,0.8761,0.0273,0.2062,44.04,5.33,29.3,0.0227
2020-11-02,UNH,2019Q3,2019-09-30,0.1783,0.8808,0.0365,0.2217,28.85,5.14,19.48,0.0347
2021-03-01,UNH,2017Q4,2017-12-31,0.2119,0.8801,0.0359,0.2074,30.56,6.47,19.45,0.0327
2021-08-03,UNH,2020Q1,2020-03-31,0.0565,0.8807,0.0062,0.1892,118.39,6.69,72.49,0.0084
2021-11-03,UNH,2020Q2,2020-06-30,0.1506,0.88,0.0277,0.2073,43.32,6.52,28.81,0.0231
2021-11-03,UNH,2020Q3,2020-09-30,0.1937,0.8794,0.0336,0.2089,32.9,6.37,21.68,0.0304
2022-02-15,UNH,2018Q4,2018-12-31,0.2207,0.8807,0.0296,0.2272,38.42,8.48,24.49,0.026
2022-08-03,UNH,2021Q1,2021-03-31,0.0701,0.8921,0.0106,0.1824,105.08,7.37,70.48,0.0095
2022-11-02,UNH,2021Q2,2021-06-30,0.1267,0.8924,0.0203,0.2109,56.26,7.13,37.75,0.0178
2022-11-02,UNH,2021Q3,2021-09-30,0.1804,0.8923,0.0339,0.2035,38.82,7.0,25.78,0.0258
2023-02-24,UNH,2019Q4,2019-12-31,0.229,0.8839,0.0356,0.2117,33.28,7.62,21.71,0.03
2023-08-02,UNH,2022Q1,2022-03-31,0.066,0.8941,0.01,0.1844,94.49,6.24,63.37,0.0106
2023-11-06,UNH,2022Q2,2022-06-30,0.1325,0.8936,0.0219,0.199,49.61,6.57,33.31,0.0202
2023-11-06,UNH,2022Q3,2022-09-30,0.1967,0.8948,0.0576,0.1869,32.58,6.41,21.16,0.0307
2014-02-28,UPS,2011Q4,2011-12-31,0.5407,0.1145,0.0539,0.3207,24.7,13.35,12.98,0.0405
2014-02-28,UPS,2012Q1,2012-03-31,0.1307,0.1194,0.0201,0.3336,94.98,12.41,48.81,0.0105
2014-02-28,UPS,2012Q2,2012-06-30,0.146,-0.7324,0.0315,0.3503,82.55,12.05,36.35,0.0121
2014-02-28,UPS,2012Q3,2012-09-30,0.0623,-1.7107,0.038,0.3842,196.44,12.24,45.95,0.0051
2015-02-27,UPS,2010Q4,2010-12-31,0.4183,0.1139,0.0242,0.3228,30.29,12.67,14.66,0.033
2015-02-27,UPS,2013Q1,2013-03-31,0.2574,0.1176,0.0135,0.3333,93.39,24.04,50.17,0.0107
2015-02-27,UPS,2013Q2,2013-06-30,0.2961,-0.7486,0.0253,0.3249,90.05,26.66,38.61,0.0111
2015-02-27,UPS,2013Q3,2013-09-30,0.3012,-1.6134,0.036,0.3362,87.45,26.34,32.26,0.0114
2016-02-25,UPS,2012Q4,2012-12-31,0.1734,0.0248,0.054,0.3312,116.25,20.16,31.04,0.0086
2016-02-25,UPS,2014Q1,2014-03-31,0.1458,0.1098,0.0216,0.3258,99.01,14.44,48.63,0.0101
2016-02-25,UPS,2014Q2,2014-06-30,0.0815,-0.8073,0.0113,0.3397,198.02,16.15,58.46,0.005
2016-02-25,UPS,2014Q3,2014-09-30,0.2157,-1.6678,0.0306,0.3412,73.89,15.94,28.92,0.0135
2017-02-21,UPS,2013Q4,2013-12-31,0.6753,0.1269,0.0517,0.3058,23.16,15.64,12.07,0.0432
2017-02-21,UPS,2015Q1,2015-03-31,0.561,0.1197,0.0244,0.351,95.12,53.36,48.75,0.0105
2017-02-21,UPS,2015Q2,2015-06-30,0.6308,-0.7339,0.0337,0.3531,79.08,49.88,35.95,0.0126
2017-02-21,UPS,2015Q3,2015-09-30,0.6516,-1.5772,0.0491,0.3744,77.21,50.31,30.68,0.013
2018-02-21,UPS,2014Q4,2014-12-31,1.4162,0.0853,0.0354,0.3041,31.63,44.79,15.15,0.0316
2018-02-21,UPS,2016Q1,2016-03-31,0.4603,0.1264,0.0241,0.3941,82.3,37.88,44.05,0.0122
2018-02-21,UPS,2016Q2,2016-06-30,0.4832,-0.7216,0.0402,0.3747,73.18,35.37,33.12,0.0137
2018-02-21,UPS,2016Q3,2016-09-30,0.463,-1.5509,0.0381,0.3997,72.96,33.78,28.33,0.0137
2019-02-21,UPS,2015Q4,2015-12-31,1.9611,0.1314,0.0502,0.3741,20.79,40.77,11.47,0.0481
2019-02-21,UPS,2017Q1,2017-03-31,2.1794,0.1043,-0.0072,0.4492,83.77,182.58,51.7,0.0119
2019-02-21,UPS,2017Q2,2017-06-30,1.1125,-0.7444,0.0063,0.455,70.5,78.43,35.55,0.0142
2019-02-21,UPS,2017Q3,2017-09-30,0.8343,-1.6058,0.0073,0.4572,77.41,64.58,32.27,0.0129
2020-02-20,UPS,2016Q4,2016-12-31,8.4494,0.1248,0.0373,0.3965,27.48,232.15,10.71,0.0364
2020-02-20,UPS,2018Q1,2018-03-31,1.0007,0.0888,0.0274,0.5193,68.56,68.61,52.82,0.0146
2020-02-20,UPS,2018Q2,2018-06-30,0.6379,-0.7917,0.0472,0.5022,62.1,39.61,38.03,0.0161
2020-02-20,UPS,2018Q3,2018-09-30,0.4868,-1.6939,0.0535,0.4991,61.15,29.76,32.88,0.0164
2021-02-22,UPS,2017Q4,2017-12-31,4.9346,0.1131,-0.0266,0.533,28.7,141.6,16.44,0.0348
2021-02-22,UPS,2019Q1,2019-03-31,0.3204,0.0812,0.0055,0.445,125.96,40.37,80.89,0.0079
2021-02-22,UPS,2019Q2,2019-06-30,0.3825,-0.7548,0.0096,0.4429,83.05,31.77,48.46,0.012
2021-02-22,UPS,2019Q3,2019-09-30,0.3149,-1.6128,0.0097,0.4486,79.88,25.15,41.38,0.0125
2021-05-05,UPS,2020Q1,2020-03-31,0.2925,0.0594,0.0087,0.4697,192.07,56.18,119.18,0.0052
2021-08-06,UPS,2020Q2,2020-06-30,0.6264,0.0853,0.0233,0.4342,60.96,38.18,40.22,0.0164
2021-11-04,UPS,2020Q3,2020-09-30,0.8387,0.0945,0.0332,0.4121,38.91,32.63,26.12,0.0257
2022-02-22,UPS,2018Q4,2018-12-31,1.5859,0.0977,0.0355,0.4546,37.77,59.9,21.59,0.0265
2022-05-04,UPS,2021Q1,2021-03-31,0.6705,0.1207,0.0231,0.3748,33.45,22.43,50.55,0.0299
2022-08-03,UPS,2021Q2,2021-06-30,0.6912,0.13,0.0401,0.3483,22.64,15.65,24.32,0.0442
2022-11-02,UPS,2021Q3,2021-09-30,0.8136,0.1283,0.0639,0.3363,14.68,11.95,14.01,0.0681
2023-02-21,UPS,2019Q4,2019-12-31,1.359,0.1052,0.0147,0.4362,34.73,47.2,17.15,0.0288
2023-05-03,UPS,2022Q1,2022-03-31,0.1727,0.1334,0.0256,0.3121,57.73,9.97,40.68,0.0173
2023-08-08,UPS,2022Q2,2022-06-30,0.3383,0.1381,0.0438,0.2936,28.63,9.69,20.05,0.0349
2023-11-01,UPS,2022Q3,2022-09-30,0.4771,0.135,0.0696,0.2926,15.08,7.19,10.77,0.0663
2017-02-02,V,2015Q4,2015-12-31,0.0659,0.6721,0.0023,0.2888,424.01,27.92,328.31,0.0024
2017-04-21,V,2016Q1,2016-03-31,0.1252,0.6717,0.0028,0.2922,249.86,31.29,179.73,0.004
2017-07-20,V,2016Q2,2016-06-30,0.1237,0.4859,0.0028,0.2486,241.65,29.89,176.38,0.0041
2018-02-01,V,2016Q4,2016-12-31,0.0652,0.6949,0.0019,0.2231,607.34,39.63,389.87,0.0016
2018-04-27,V,2017Q1,2017-03-31,0.0812,0.661,0.0021,0.2236,488.77,39.69,198.81,0.002
2018-07-27,V,2017Q2,2017-06-30,0.1427,0.6615,0.0043,0.221,299.29,42.71,146.79,0.0033
2018-11-16,V,2015Q3,2015-09-30,0.2121,0.653,0.0044,0.0,221.52,46.97,146.29,0.0045
2019-04-26,V,2017Q4,2017-12-31,0.0755,0.6843,0.0017,0.2475,626.46,47.3,456.9,0.0016
2019-11-14,V,2016Q3,2016-09-30,0.182,0.5227,0.0028,0.248,300.03,54.62,215.35,0.0033
2020-11-19,V,2017Q3,2017-09-30,0.2045,0.6615,0.0043,0.2445,300.46,61.44,158.85,0.0033
2020-11-19,V,2018Q1,2018-03-31,0.1503,0.6707,0.0029,0.2408,366.3,55.07,270.7,0.0027
2020-11-19,V,2018Q2,2018-06-30,0.2238,0.6292,0.0048,0.2439,251.88,56.37,188.37,0.004
2020-11-19,V,2018Q4,2018-12-31,0.0873,0.6751,0.0017,0.2321,630.84,55.08,485.95,0.0016
2021-11-18,V,2018Q3,2018-09-30,0.3029,0.6286,0.0066,0.2402,178.59,54.1,136.01,0.0056
2021-11-18,V,2019Q1,2019-03-31,0.1737,0.6689,0.0027,0.238,314.18,54.58,244.49,0.0032
2021-11-18,V,2019Q2,2019-06-30,0.2588,0.669,0.0044,0.2376,206.59,53.45,159.72,0.0048
2021-11-18,V,2019Q4,2019-12-31,0.0928,0.6634,0.002,0.183,571.71,53.04,445.94,0.0017
2022-11-16,V,2019Q3,2019-09-30,0.3483,0.6529,0.0062,0.2305,160.04,55.74,123.85,0.0062
2022-11-16,V,2020Q1,2020-03-31,0.1838,0.6668,0.0026,0.2457,297.56,54.68,228.09,0.0034
2022-11-16,V,2020Q2,2020-06-30,0.2457,0.6533,0.0041,0.2681,216.66,53.24,164.66,0.0046
2022-11-16,V,2020Q4,2020-12-31,0.083,0.6759,0.0018,0.2618,605.01,50.19,468.76,0.0017
2023-01-27,V,2021Q1,2021-03-31,0.1632,0.6504,0.0131,0.2615,81.16,13.25,64.0,0.0123
2023-01-27,V,2021Q2,2021-06-30,0.2309,0.6548,0.0215,0.254,57.21,13.21,41.27,0.0175
2023-04-27,V,2021Q4,2021-12-31,0.1094,0.6766,0.0082,0.2553,124.79,13.65,99.85,0.008
2023-07-26,V,2022Q1,2022-03-31,0.2113,0.6722,0.0072,0.2137,133.0,28.11,101.43,0.0075
2023-07-26,V,2022Q2,2022-06-30,0.3105,0.6377,0.0081,0.2406,137.74,42.77,105.77,0.0073
2023-11-15,V,2020Q3,2020-09-30,0.3001,0.6446,0.0043,0.2975,205.5,61.67,150.72,0.0049
2014-03-21,WMT,2011Q1,2011-01-31,0.23,0.2534,0.0393,0.2508,16.98,3.91,9.53,0.0589
2014-03-21,WMT,2012Q2,2012-04-30,0.0542,0.2458,0.0118,0.2179,69.35,3.76,34.65,0.0144
2014-03-21,WMT,2012Q3,2012-07-31,0.0572,0.2502,0.0235,0.2106,64.34,3.68,16.84,0.0155
2014-03-21,WMT,2012Q4,2012-10-31,0.0492,0.2489,0.0271,0.1889,70.87,3.49,11.31,0.0141
2015-04-01,WMT,2012Q1,2012-01-31,0.2072,0.2498,0.0385,0.2381,17.79,3.69,9.21,0.0562
2015-04-01,WMT,2013Q2,2013-04-30,0.0539,0.2462,0.0072,0.2054,70.41,3.79,34.68,0.0142
2015-04-01,WMT,2013Q3,2013-07-31,0.0568,0.2517,0.0195,0.2024,65.26,3.71,16.87,0.0153
2015-04-01,WMT,2013Q4,2013-10-31,0.0509,0.2507,0.0144,0.1987,70.8,3.61,11.39,0.0141
2016-03-30,WMT,2013Q1,2013-01-31,0.208,0.2483,0.0547,0.2165,13.66,2.84,7.41,0.0732
2016-03-30,WMT,2014Q2,2014-04-30,0.0492,0.2457,0.017,0.2246,61.91,3.04,31.02,0.0162
2016-03-30,WMT,2014Q3,2014-07-31,0.0526,0.2507,0.0305,0.2101,54.31,2.86,14.83,0.0184
2016-03-30,WMT,2014Q4,2014-10-31,0.0469,0.25,0.0325,0.1999,59.9,2.81,9.86,0.0167
2017-03-31,WMT,2014Q1,2014-01-31,0.197,0.2482,0.043,0.2243,14.71,2.9,7.67,0.068
2017-03-31,WMT,2015Q2,2015-04-30,0.0436,0.2468,0.0096,0.1936,69.71,3.04,33.0,0.0143
2017-03-31,WMT,2015Q3,2015-07-31,0.0441,0.251,0.0218,0.1942,66.92,2.95,16.17,0.0149
2017-03-31,WMT,2015Q4,2015-10-31,0.0415,0.2552,0.0292,0.1882,70.27,2.92,10.77,0.0142
2018-03-30,WMT,2015Q1,2015-01-31,0.1904,0.2483,0.057,0.2245,17.56,3.34,8.92,0.0569
2018-03-30,WMT,2016Q2,2016-04-30,0.041,0.2533,0.0142,0.187,90.85,3.72,40.36,0.011
2018-03-30,WMT,2016Q3,2016-07-31,0.0493,0.2596,0.0371,0.1853,73.71,3.63,18.79,0.0136
2018-03-30,WMT,2016Q4,2016-10-31,0.0391,0.2597,0.0445,0.1749,91.32,3.57,12.84,0.011
2019-03-28,WMT,2016Q1,2016-01-31,0.1757,0.2513,0.0516,0.2052,21.2,3.73,10.24,0.0472
2019-03-28,WMT,2017Q2,2017-04-30,0.0412,0.254,0.0115,0.1691,97.0,4.0,41.35,0.0103
2019-03-28,WMT,2017Q3,2017-07-31,0.038,0.2581,0.0236,0.1672,101.22,3.84,19.58,0.0099
2019-03-28,WMT,2017Q4,2017-10-31,0.023,0.2568,0.0347,0.1633,167.05,3.84,13.42,0.006
2020-03-20,WMT,2017Q1,2017-01-31,0.1694,0.2565,0.0596,0.1925,25.9,4.39,11.71,0.0386
2020-03-20,WMT,2018Q2,2018-04-30,0.0272,0.2525,0.0099,0.1438,157.55,4.29,45.68,0.0063
2020-03-20,WMT,2018Q3,2018-07-31,-0.0117,0.2535,0.0203,0.2182,-390.22,4.55,22.49,-0.0026
2020-03-20,WMT,2018Q4,2018-10-31,0.0238,0.2544,0.0307,0.191,195.95,4.65,15.49,0.0051
2020-12-02,WMT,2019Q2,2019-04-30,0.0513,0.2493,0.0031,0.2022,112.4,5.76,61.37,0.0089
2020-12-02,WMT,2019Q3,2019-07-31,0.0966,0.2491,0.0147,0.1891,57.79,5.58,29.18,0.0173
2020-12-02,WMT,2019Q4,2019-10-31,0.1499,0.2496,0.0158,0.1873,40.01,6.0,19.91,0.025
2021-03-19,WMT,2018Q1,2018-01-31,0.122,0.2537,0.0463,0.1652,40.01,4.88,13.61,0.025
2022-03-18,WMT,2019Q1,2019-01-31,0.0838,0.251,0.0409,0.207,63.87,5.35,14.21,0.0157
2014-02-26,XOM,2010Q4,2010-12-31,0.1995,0.1077,0.0452,0.0404,15.66,3.12,7.11,0.0639
2015-02-25,XOM,2011Q4,2011-12-31,0.2554,0.1153,0.0558,0.0282,10.63,2.71,4.87,0.0941
2016-02-24,XOM,2012Q4,2012-12-31,0.2614,0.1098,0.0597,0.0238,8.18,2.14,3.86,0.1223
2017-02-22,XOM,2013Q4,2013-12-31,0.1805,0.0957,0.0321,0.0199,10.77,1.94,4.71,0.0929
2018-02-28,XOM,2014Q4,2014-12-31,0.1796,0.0858,0.0382,0.0333,9.78,1.76,4.72,0.1022
2018-05-03,XOM,2017Q1,2017-03-31,0.0218,0.0659,0.0163,0.073,80.87,1.76,33.01,0.0124
2018-08-02,XOM,2017Q2,2017-06-30,0.0396,0.0518,0.027,0.0722,46.0,1.82,18.67,0.0217
2018-11-07,XOM,2017Q3,2017-09-30,0.0599,0.0562,0.0334,0.0712,31.05,1.86,12.54,0.0322
2019-02-27,XOM,2015Q4,2015-12-31,0.0913,0.0524,0.0117,0.0592,20.45,1.87,8.66,0.0489
2019-08-07,XOM,2018Q1,2018-03-31,0.0239,0.0682,0.0173,0.0596,64.19,1.53,26.91,0.0156
2019-11-06,XOM,2018Q2,2018-06-30,0.0444,0.0652,0.0265,0.0594,35.2,1.56,14.03,0.0284
2019-11-06,XOM,2018Q3,2018-09-30,0.0754,0.1046,0.046,0.0582,20.4,1.54,8.69,0.049
2020-02-26,XOM,2016Q4,2016-12-31,0.0451,0.0024,0.0269,0.0876,28.05,1.26,8.1,0.0357
2020-08-05,XOM,2019Q1,2019-03-31,0.0119,0.0674,0.0169,0.0534,78.95,0.94,22.57,0.0127
2020-11-04,XOM,2019Q2,2019-06-30,0.0276,0.0672,0.0207,0.0527,25.66,0.71,8.57,0.039
2020-11-04,XOM,2019Q3,2019-09-30,0.0439,0.069,0.0406,0.0722,16.25,0.71,5.82,0.0615
2021-02-24,XOM,2017Q4,2017-12-31,0.1013,0.0764,0.061,0.07,12.19,1.24,6.78,0.082
2021-08-04,XOM,2020Q1,2020-03-31,-0.0032,-0.0046,0.0014,0.0895,-393.97,1.27,46.89,-0.0025
2021-11-03,XOM,2020Q2,2020-06-30,-0.009,-0.0214,-0.0151,0.1288,-159.94,1.44,34.43,-0.0063
2021-11-03,XOM,2020Q3,2020-09-30,-0.0128,-0.0168,-0.0111,0.131,-114.05,1.46,22.93,-0.0088
2022-02-23,XOM,2018Q4,2018-12-31,0.105,0.1067,0.0505,0.0593,15.61,1.64,6.9,0.0641
2022-08-03,XOM,2021Q1,2021-03-31,0.0166,0.0607,0.0178,0.1352,141.16,2.35,49.67,0.0071
2022-11-02,XOM,2021Q2,2021-06-30,0.0448,0.078,0.0297,0.1344,62.55,2.8,25.48,0.016
2022-11-02,XOM,2021Q3,2021-09-30,0.0846,0.0972,0.0496,0.1296,32.75,2.77,14.6,0.0305
2023-02-22,XOM,2019Q4,2019-12-31,0.0721,0.0757,0.0115,0.0726,32.4,2.34,12.49,0.0309
2023-08-01,XOM,2022Q1,2022-03-31,0.031,0.0945,0.0242,0.1202,81.97,2.54,27.57,0.0122
2023-10-31,XOM,2022Q2,2022-06-30,0.1264,0.1624,0.0612,0.1074,18.91,2.39,9.86,0.0529
2023-10-31,XOM,2022Q3,2022-09-30,0.2227,0.1851,0.1068,0.106,10.14,2.26,5.71,0.0986
